"","ResponseID","female","bachelors","employed","dem"
"1","R_3nGChT9uXxpGL02",0,0,1,0
"2","R_1Cj2mBz5kq8pSnz",1,1,1,1
"3","R_w4yj3flOVzy8o0N",1,0,0,1
"4","R_3HuhMHnGlMXzIFv",0,0,1,0
"5","R_9NCli0XyHqzKThn",0,1,1,1
"6","R_3JdWotZwmJqczrS",1,0,1,0
"7","R_1ISGoeEu7PuLLrJ",0,1,1,0
"8","R_3xCeuBWoJlobfX3",1,0,1,1
"9","R_BLMs8SbWjxtss9z",0,1,1,0
"10","R_1o7n3I5J5LEArp5",1,0,1,1
"11","R_DbKh9lEv0P09dOF",0,1,1,NA
"12","R_3stuqK9w7ezVr18",0,1,1,0
"13","R_1nW0YMXJiTTYcAm",0,1,1,0
"14","R_b7vzXwoVFrqXIad",0,1,1,0
"15","R_27xqLDEkKPsdgxy",1,1,1,0
"16","R_DVkUtMrHvI1RBU5",0,0,0,0
"17","R_1kSUFvOimousAxR",1,0,1,1
"18","R_yTJQeAieyE9J9qV",0,1,1,NA
"19","R_32IR1BanIg1jejC",0,1,1,1
"20","R_1pyT0Rg37jR0xM8",0,1,1,1
"21","R_2mJO0i4foVPxDxL",1,1,1,1
"22","R_CmhwKz57jemQ14l",1,1,1,1
"23","R_3I3K2ZSIKNX9FjR",0,1,1,0
"24","R_2rCQW1qEbwywc1u",0,1,1,1
"25","R_274iDyCx7uP4ubS",0,0,1,0
"26","R_2s77a6ynlOIOQs3",0,0,1,0
"27","R_bwKKRtOYuCjXND3",1,0,1,1
"28","R_3ebgxlYGUdF1lpy",0,0,1,0
"29","R_3rOD8nBUEcLvyVi",0,0,1,0
"30","R_ekxf71eCQfTTTUd",0,1,1,1
"31","R_8nXW6Q1o9ZjdKhj",1,0,1,1
"32","R_1mEi4ju1LhyvG5t",0,1,1,0
"33","R_2P6WMAMlD7d5wUi",1,0,1,0
"34","R_3J9rZKsV6qPLEKM",0,1,1,0
"35","R_RjWlI5axG3oUaZ3",1,1,1,1
"36","R_2v2Of3PYvZUOSPq",1,0,1,0
"37","R_3fr8J4atO4ppa84",0,1,1,1
"38","R_2P86vYxJCssadnp",0,1,1,1
"39","R_RVoxDh8xdTLCUfL",1,0,1,0
"40","R_1Te2s2vjVgIxUZP",0,0,1,0
"41","R_2S1b9E9hOEDzpuh",1,1,1,1
"42","R_3Rqh39KylzPYH2c",0,1,1,0
"43","R_23X2B86IbPK3t4X",0,1,0,1
"44","R_1oIriSRxeP3iorO",0,1,1,1
"45","R_rfl8iWjOClFOVHz",0,1,1,0
"46","R_O7iUUTxBv5bOidz",1,1,1,1
"47","R_1mRcoQcCrkK4ncE",0,1,0,1
"48","R_1QnqnwsUD3nTsCb",1,1,1,0
"49","R_2sT2DaAgXv1B3eY",1,0,1,1
"50","R_1i8mkw0Lq6yHhMl",0,1,1,1
"51","R_1OGHo532k4JGdB0",0,1,1,1
"52","R_5jXCq2v0gbGGo49",1,0,0,0
"53","R_3ME6Y8ATgXFjPY0",0,0,1,0
"54","R_3CV01jejfEjCqHV",0,0,1,0
"55","R_1hWsIlxxQKy5KoA",0,1,1,0
"56","R_3dSP48oiE8YmEsl",1,1,1,1
"57","R_yKZydcNvBCaeRGx",1,1,1,1
"58","R_3fqJPff2hThenUS",0,0,1,0
"59","R_2P70OMeMdYxit8Y",1,1,1,0
"60","R_rom0a8V8siZtfTr",1,1,1,1
"61","R_1lg8VJPgIaTUznV",1,1,1,1
"62","R_3PNMfhuHumiO3PC",0,1,1,0
"63","R_3ql2WsXR0wJ4ZTn",0,0,0,0
"64","R_2sYWaOFffQxRb4w",0,0,1,0
"65","R_3P2gshADE5WrQVb",1,1,0,1
"66","R_2BbSqMpqVAQqu5r",0,0,1,1
"67","R_0SvLTbnYRmKMJMt",1,1,1,1
"68","R_3MrR99QVhcfrpzt",0,1,1,1
"69","R_3JgRqNKKvQoyHLq",1,0,1,0
"70","R_2cu4Ww4hGGXCtYE",0,1,1,0
"71","R_1QKJ1Kld1yBWkM0",0,0,1,0
"72","R_8D1HGn9PSxiBm8N",1,1,1,0
"73","R_1GwQZhAcFLMXTkU",0,1,1,1
"74","R_2dXhVmi1Z1EKBIK",0,0,1,0
"75","R_3fuWgoBM3b5spTE",0,0,0,1
"76","R_3fvGmoVTawMnxGp",1,1,0,1
"77","R_1qfgSPdYmF6xwl5",1,1,1,1
"78","R_QfXjVLwwKsZVQad",0,1,1,1
"79","R_p5moncIlJuRV3fr",0,0,1,0
"80","R_2TH1s4UK9FG5UBD",0,1,0,0
"81","R_8vRK2vHEkQ0i3yp",0,1,1,1
"82","R_2q3hgFoUjWesNN0",0,1,1,0
"83","R_eEwNEYEPNil5Dxf",0,1,1,0
"84","R_3jcG84a4DEXP7y2",0,0,1,1
"85","R_2qeNh47NajjaEop",0,1,0,0
"86","R_12LoZeR3dbckHyt",1,1,0,1
"87","R_1dK8BAeziMbkmYp",0,1,1,0
"88","R_3kgBWt0XP60XalY",0,0,1,0
"89","R_2wc8bBNY1l07BW9",1,1,0,1
"90","R_3dQCLgBhtLwKczV",1,1,0,1
"91","R_3GpnkFrzbaNvjtz",0,1,1,1
"92","R_R2MG9uSTwQsZuRH",1,0,1,0
"93","R_2absnsonaWb8TWP",0,1,1,0
"94","R_3ekreP8yQH18EqF",1,1,1,0
"95","R_2duU9jsU9mnIapi",0,1,1,1
"96","R_2yqI9wuUh2emjeN",1,0,0,1
"97","R_3rSzDAMoU5GdHFv",0,1,1,1
"98","R_2QfYWQnaGCfsgNY",1,1,1,1
"99","R_2CUlstywIfbFmfj",0,0,1,0
"100","R_1H1RnHlvB12VAd8",1,1,1,0
"101","R_2Y577q78mmYAYAP",0,1,1,0
"102","R_3nVhmSQW2I0K1i9",1,0,1,0
"103","R_w5WzGMbmTfzFeOR",0,1,1,NA
"104","R_2AMhmGSLHPRYBLu",1,0,0,0
"105","R_ZymSvQpDcSbv6UN",0,0,1,0
"106","R_DzMlvIqQFAeMkRb",0,1,1,0
"107","R_2zi0QzBtayZ3KRZ",0,1,0,1
"108","R_3Piajn8mxUMZqeU",1,1,1,1
"109","R_yz7hZQLeuPOCCaZ",0,1,1,1
"110","R_29mDNZn2BvP1h9U",1,0,1,1
"111","R_3FPZyTVULEC99Si",0,0,1,0
"112","R_3scCGZ80uFE50CS",1,0,1,0
"113","R_2fYZo4mJdVq5kVr",1,1,0,1
"114","R_3pgwo0x606gF11G",0,1,1,1
"115","R_2wRha3wKx49tJFo",0,1,1,0
"116","R_1hMd6xzcsk0voF2",0,1,1,0
"117","R_3JsCyg0OBPxpC0f",0,0,1,1
"118","R_yCsqEERm3MoIf0R",0,1,1,0
"119","R_wMhVSQDhf8tumfT",0,1,1,1
"120","R_25N1Jmi03gke2ws",1,1,1,0
"121","R_tFc9in1UtQXxOpj",0,0,0,0
"122","R_1DUWKSo1ii8VsV0",1,1,0,0
"123","R_2z5RwpibQL9Y0jD",1,1,0,NA
"124","R_z2md6rzJ5ltDjq1",0,1,1,1
"125","R_3Ppjy8Ud6sviVa2",0,1,1,0
"126","R_Dr5SgLxMkYqtewx",0,1,1,1
"127","R_eYjMi2rUpqwPUFr",1,1,1,1
"128","R_3fNy9VIUHEDTDFM",1,1,1,1
"129","R_1me1ZjbAe1HVY76",1,1,1,0
"130","R_0rLDXrOl2cWXaRb",1,1,1,1
"131","R_3nIfEXKDEMpNLjr",0,0,1,0
"132","R_2DM2denRzT9Vfsv",1,0,1,0
"133","R_31cjhRKgiIW5uZ9",0,1,1,1
"134","R_xE2VkX8RA4AdyJb",1,1,1,1
"135","R_1jwRjn5YD13Yui3",0,1,1,1
"136","R_2q7SQBUgJ4QHKSh",1,1,0,NA
"137","R_3Rl5ATc4E52GJyr",0,1,1,1
"138","R_25DX8hyMQYzNLuF",1,0,1,1
"139","R_2QuE7avyq9lkO4V",1,0,0,1
"140","R_1pGvZThzey9tOYU",1,1,1,1
"141","R_TvAfy4iJgbIFsu5",1,0,0,1
"142","R_1r6A8uStgR5DmS8",1,1,1,0
"143","R_272rnh3kJPxkQ7m",0,0,1,0
"144","R_2cwUUO3kaecTTYB",0,1,1,0
"145","R_3JmckZy47GGcBA5",1,1,1,1
"146","R_2VdUrqKLl0EY8al",1,0,0,0
"147","R_1LCCfMPAgJ6amKl",0,1,1,0
"148","R_1hGPNywAI0u759D",1,1,0,1
"149","R_1N9pBekdyQUafTC",0,1,1,0
"150","R_3mkNTLzDNg26pJf",0,0,0,NA
"151","R_3NwjkXyGVRglVRK",0,1,1,1
"152","R_3g7cdYbxOeVIOmX",1,0,0,0
"153","R_2gdW4aV48KYwHHX",1,0,0,1
"154","R_2RVyCxhFQ7py6Bt",0,0,0,0
"155","R_1qXoKiCZaFtyAeP",1,1,0,1
"156","R_vwsyZkkStfHx5Op",0,1,1,1
"157","R_1FysKxyPhD7EAOZ",0,1,1,NA
"158","R_3J3riYT40qvamzp",1,1,1,0
"159","R_2wuZpQZ5UE2KYVj",0,1,1,0
"160","R_3iRoW8ERKOS6mUg",1,1,1,0
"161","R_1rAOJNnn1ospKQi",0,1,1,1
"162","R_11dxZ7ja36A35py",0,0,1,0
"163","R_30qwHYyr8veoXUw",0,1,1,NA
"164","R_2CHEe2SR2FexH7s",1,1,1,1
"165","R_2alPpohHgk5dH16",0,0,1,0
"166","R_2TnrowrCh97rWlh",1,1,1,1
"167","R_su8xT6Tk0pj3VHb",0,1,1,1
"168","R_3itcyXkBasBKN66",0,1,1,0
"169","R_1FgPIe35czprjSb",1,1,1,0
"170","R_21p541XMxw78HBV",0,1,1,1
"171","R_2D62kZOiJtURjxK",1,0,1,NA
"172","R_3eku4uDKoCduMcV",1,1,1,1
"173","R_3s6SP5Xf3A706Bl",0,1,1,1
"174","R_yQ5sOKcpPptnRu1",1,0,0,1
"175","R_R9oiFXG2xiAEpkl",1,1,0,0
"176","R_3nk24hMBxmVMqYG",1,1,1,1
"177","R_2uImcoRn3cCcDDH",0,1,1,0
"178","R_325TNu4aUvmBU0r",1,0,1,1
"179","R_3lYVzhDTtM3JdAW",0,1,1,0
"180","R_3eqUj7DfeI8LJIS",0,1,1,1
"181","R_1It9tgRsZaZAfpE",0,0,0,0
"182","R_2AGuzIrDxphHdtk",1,0,1,0
"183","R_1FJ4GHtTVJsDT3K",1,0,1,1
"184","R_27eDs2a8jyMs9qa",1,1,1,1
"185","R_aflS4qSKf1LYKwF",0,1,0,0
"186","R_PRPJfExxu7few0N",0,1,1,0
"187","R_1i2LDxZsugu7Y5T",1,1,1,0
"188","R_3OobWlJ9e4VvuHw",0,1,1,1
"189","R_1oBHoCe0QXHDiqQ",1,0,0,0
"190","R_OMRbJN043osG2xr",0,1,1,0
"191","R_2905vRzPRcenj3f",0,1,0,0
"192","R_3NCCAoIvNLzsidW",0,1,1,1
"193","R_11dzL3GedT3kBo8",1,1,1,1
"194","R_1Ok7NptK3yzVnyS",0,1,1,1
"195","R_1JIVDAWTRF3UpMm",0,1,1,0
"196","R_Ajl7IVdYgZw2bwl",1,0,1,0
"197","R_6EfSrhkZx4MrDq1",0,1,1,1
"198","R_3nAVUeQdYBgw03k",0,0,0,0
"199","R_3O19vqDaAU6HPF5",0,0,1,0
"200","R_3qlCrRuKsOa9Fxl",1,1,1,0
"201","R_3FVEYncGahKicr2",0,1,1,1
"202","R_cVmZe2nERqP1MGZ",0,1,1,1
"203","R_3fqpRbSj4IE9SIU",0,1,1,0
"204","R_1BWWGyMDqM4g5as",1,1,1,1
"205","R_RyvPhEpPPy8vN8l",1,1,1,NA
"206","R_2X58GjqcxMcMNQJ",1,1,1,1
"207","R_3ho18ftGVdQPeet",0,1,1,1
"208","R_3061V6xQsnv1MFG",1,0,1,0
"209","R_2vZdqoIjgzvKqwo",1,0,0,NA
"210","R_qwqz2RVIIpI5TFf",1,1,0,1
"211","R_1nPYmdn6WrrMSAN",0,1,1,0
"212","R_2qrVq2SmnkB9Oe0",0,0,1,0
"213","R_Rt6NBtIzG5yLBrH",1,1,0,1
"214","R_2e3VaMwbkNbibDt",1,0,1,1
"215","R_2tg6i0UfOROuByt",1,1,0,1
"216","R_22Qcnb1gwslPfun",1,1,1,0
"217","R_117wX7QGTqwIFN4",1,0,1,1
"218","R_2QMsTx9z2x2wlP0",0,1,1,1
"219","R_sT2GuusdTs6lqCZ",0,0,1,0
"220","R_3EA26CGUFy3Xeet",0,0,1,0
"221","R_tS7uY0uO2U6JeeZ",1,1,1,1
"222","R_wU9OA7vFus9SJSF",0,0,0,1
"223","R_2f3WbNWwHm1noKJ",0,1,1,0
"224","R_Z4qNo1kMNqV32jT",1,1,1,1
"225","R_1imnqUE57j7zadV",0,0,0,0
"226","R_2UbzwN2sMsKv65p",1,0,1,0
"227","R_30orB3DXhZPbfba",1,0,1,0
"228","R_3lXhbIX8OI2Pdiq",1,0,1,0
"229","R_9RYGCFjycKleHiF",1,1,1,1
"230","R_W2L6AGOGgoU6fEl",1,1,1,0
"231","R_br505eIi6yL4Mal",1,0,0,1
"232","R_3fVPEt1AfY4ozPp",0,1,1,0
"233","R_10ZzKGJIBwseVqV",1,0,1,0
"234","R_1dsPtl1lBf4htvE",1,0,1,0
"235","R_2dtl5ttWhbuNtGx",0,1,1,1
"236","R_3CNQROSYPSlqVlY",1,1,0,0
"237","R_01EzEUumKXRBH1v",0,0,0,0
"238","R_xgVMA9HBwyk5Ycx",0,0,1,0
"239","R_2PuSP3hSkyuo3Qy",0,1,1,1
"240","R_2TNO9vEugVDNCLT",1,1,1,1
"241","R_3RdVLPoL2DixUxB",1,1,0,1
"242","R_3HMoyvDhuuhuq07",0,0,0,0
"243","R_2ZVSeerfHQWKHcG",1,1,0,1
"244","R_1rJR2D8wNBzolue",0,0,0,0
"245","R_3kNZyU69dUc7KNr",0,0,0,1
"246","R_9H4shPqaZmZewRr",0,0,1,1
"247","R_3oAAXmLI91xKB6o",1,0,0,0
"248","R_Ze3qmCs3DJlYPa9",1,0,0,0
"249","R_3Rh8QtVel92LVrr",1,0,1,0
"250","R_3PbL4hmSHC0TluN",0,1,1,0
"251","R_28CFWjODztYU2XU",1,1,1,1
"252","R_1Nqs2L9U4XzrVnv",1,1,1,1
"253","R_1n3LthmZKyBr4a2",0,1,1,0
"254","R_2aqm6ELlgeoADaY",1,0,1,1
"255","R_2bK4eA8ARtrBgUW",0,1,1,1
"256","R_1NdXP7PaMw3zOxz",0,1,1,1
"257","R_sYem0wGx1apiE93",1,0,1,1
"258","R_uw8mmxnnMfTpFmh",0,1,1,0
"259","R_3NU5yOF33zV2WDu",0,1,1,0
"260","R_30ePBMILQOjyjNk",1,1,1,0
"261","R_1H1Xd6u0uzi9m2Z",1,1,0,0
"262","R_9MorKug1xz10sH7",0,0,1,0
"263","R_1LLkoALnpMAqRY9",1,1,1,1
"264","R_3G6SeyQl37JLRWu",0,1,1,1
"265","R_OcDPJRaOvuIHE1b",1,0,1,0
"266","R_2ASjCwa7tK8zjtl",0,1,1,0
"267","R_8qdUIv4xO3l1mp3",0,1,0,1
"268","R_6eRsqCjgy5KkfwR",0,1,1,0
"269","R_1rlC5URA6spRF21",1,0,1,0
"270","R_7R5FLwjkuHKKzpD",1,1,1,0
"271","R_1hShU3pW14DE2Ke",0,1,1,0
"272","R_1CgeIZNpvfU2JyV",1,0,1,0
"273","R_25NiUxdnx33gbm5",1,1,1,1
"274","R_1BVCveldcSvoP7n",1,0,1,0
"275","R_2v1cVfEjAwq0Zxg",1,1,1,0
"276","R_1mC5ziE9aAhD21N",0,1,1,1
"277","R_3HIi6bzDvU44Yk2",1,1,1,0
"278","R_yrb8VTw1fdtGkN3",0,0,1,1
"279","R_3s5NABoOw71187n",0,1,1,0
"280","R_2YsvLdVhdmQOR4G",1,1,0,0
"281","R_2xJKb6TsjpPomIa",0,1,0,0
"282","R_WAJGRn9bMhQd5VT",0,1,1,0
"283","R_3jTlaFBAjcQMShr",0,0,0,0
"284","R_1F2hX0Bc36kqVAL",0,0,1,0
"285","R_pH85Z1G2KKdFoYx",0,0,1,NA
"286","R_DIV0vkVEOGatl05",0,0,1,0
"287","R_bwKQw9qW5TsBPLH",1,0,1,0
"288","R_3Rw1TEAo0DpZQ3i",0,0,1,0
"289","R_2E0Mm7Eh9j1dj4N",0,1,1,0
"290","R_2RR3dSeJVx96ZCH",1,0,1,1
"291","R_20OT6a8V5dKJncc",1,0,1,NA
"292","R_210uU4HwTSfpxmX",1,1,1,0
"293","R_cCpoyH87GM4Zo6B",0,0,1,0
"294","R_3iQjDWOgUP7FAgQ",0,0,1,0
"295","R_R9Md5sV9NvI9KSJ",0,1,1,1
"296","R_1l4UifkInN9xOLq",1,1,1,0
"297","R_W8PTb5icVgBRtRv",1,0,1,0
"298","R_10VggAB3y4vz4lw",0,0,0,1
"299","R_DDazYquLTooPYtP",1,1,1,1
"300","R_8384jo8YURs3A77",1,1,0,1
"301","R_2SoYo5QlYagVRMS",0,1,0,1
"302","R_3RsaBeuIoxgxAuz",0,1,1,1
"303","R_87TRqOJ92l1G24N",1,1,1,1
"304","R_2hEZrjGqi925RSh",1,1,1,0
"305","R_3kA6bmt7XtAXOiD",0,1,1,1
"306","R_3GiEyntFBkzIAcd",0,1,1,1
"307","R_1Q6nKEzClpYDwUf",1,1,1,1
"308","R_23fpr4JGZuuWVrb",0,0,1,0
"309","R_3J9MH2Vl0ayvXhz",0,0,1,1
"310","R_p4SpucXz1gsGgN3",1,0,0,0
"311","R_1mgUPikz20gIwdT",0,1,0,0
"312","R_3fBNiB16egpRGpk",0,1,1,0
"313","R_1gA2mk3fwTYVl2c",1,1,1,1
"314","R_vYnB1HV2UFrqiGt",0,0,1,0
"315","R_31XY5G4VkJeXMsd",1,0,1,1
"316","R_2SuJnKJksX2SzZz",1,0,0,0
"317","R_3ERmyzYQxM9JT6M",0,1,1,NA
"318","R_bqNBqdiMd3CXOJX",1,1,0,1
"319","R_1KwFXppULqBHEZi",0,0,1,1
"320","R_2xW7rz7UWB486dJ",1,1,1,1
"321","R_2QunVXSzQTuvBlh",1,1,1,1
"322","R_2CNjqPhvTqQqL12",0,1,1,0
"323","R_XHQgUaHyDmIH4sh",0,1,1,1
"324","R_UQuPj4r08T1jZw5",0,0,1,1
"325","R_Xt8g8s3RQIFPHI5",1,1,1,1
"326","R_2uO2TWyPkjkniRy",0,1,1,1
"327","R_BFF9dIxMREgbQrf",0,0,0,0
"328","R_2coKK4rFJpVomlP",1,0,0,1
"329","R_3qUOXVxMXevl9sE",1,1,1,1
"330","R_2fx2QmVzf5KPbIj",0,0,0,1
"331","R_2tKxGlcQ5w28hGe",1,1,1,1
"332","R_1JQtgKpE74CWuz5",1,0,0,0
"333","R_3QEEqshL8DnTW7U",0,0,1,1
"334","R_9nuoOycuMcUho1X",0,0,1,0
"335","R_2R56tBBL4MLbnPX",0,1,1,0
"336","R_uxZZjWy96FBotuF",0,1,0,1
"337","R_3nq4l7F55stKmJr",1,1,0,1
"338","R_129hqxVMsgxQtes",0,0,0,1
"339","R_1dN6RdcWPV5OLQA",0,1,1,0
"340","R_3jYCRz0wm3fqZcL",1,0,1,0
"341","R_3KDPzTWnmpSaI1i",1,1,1,NA
"342","R_20ZD6580aoO3SNK",1,1,1,1
"343","R_3fdVlYxnc48QZ3V",0,0,1,1
"344","R_3JJmb6hPqLwmZDX",1,0,1,1
"345","R_5itgYOQBvSg0pLb",1,0,1,1
"346","R_1OB7JBVbSGiiMBk",1,1,1,1
"347","R_1rcgTmPH0U2DVNO",1,1,1,0
"348","R_1Ley57KbpZZsZRm",0,1,1,1
"349","R_3HOyXYrJdceRRz9",0,1,1,0
"350","R_3oL6280LvjfUAYz",1,1,1,0
"351","R_3nvnOoyMW4DwkLg",1,1,1,0
"352","R_2yjA9PJJLMjAQ2H",1,1,1,NA
"353","R_8va4NAGvoKhhovD",1,0,0,1
"354","R_8v8ysfZ3vcCJDkB",1,0,1,0
"355","R_3n7cUYy6O2R3brl",1,1,1,1
"356","R_bxt3jWHRUbbfhQt",0,1,1,0
"357","R_RPw8K6XSDxNCQNz",1,0,0,0
"358","R_3oTlmxDErTZfNCI",1,1,1,1
"359","R_1FlYDIiz0Jgh8V5",1,1,1,0
"360","R_vxj4WU8gtHJnCIp",0,1,1,1
"361","R_3QQw3kgCGYDThA2",0,1,1,1
"362","R_qCJzjqXEcZuqTJv",1,0,1,1
"363","R_3L0hgRlsAMdFDXf",0,1,0,0
"364","R_1OZesi4zHC1TQcm",0,1,0,0
"365","R_1jCdFDWvmrxAjBD",0,1,1,NA
"366","R_3EXbJJ1SOIvG6yS",1,0,1,1
"367","R_2pQMw7242AaM5A4",1,1,1,1
"368","R_3NESPr67akAonV8",1,0,1,0
"369","R_3e3TF0JOl2UyTjz",0,1,1,1
"370","R_1et4Nd2iNftVPTw",0,1,1,1
"371","R_29vo34cb02ZeLoU",0,1,1,1
"372","R_VXAqKihzXdklb3P",1,1,1,0
"373","R_27J4PLbLWTZjb1u",1,0,0,0
"374","R_2QgsNjPczJzfK59",0,0,0,NA
"375","R_3ee63X63ladrKxd",0,0,1,0
"376","R_2S7DWr1Ot4DH3ya",0,1,1,1
"377","R_ToPCqqGTt4HBNAd",1,0,1,1
"378","R_bmzpr9pK9IRulEJ",0,1,1,1
"379","R_1CrMiVEl5esm0mx",0,1,1,0
"380","R_1M4CDpQs5cIx31T",0,0,1,1
"381","R_2bVKAZuNhgoIs9M",0,1,1,0
"382","R_3NxPbExwb8B1uRL",0,1,0,1
"383","R_vrGytnWu664SCml",1,1,1,0
"384","R_WrmKhPRuzJ2Euo9",0,0,0,0
"385","R_PFZ7evpgeDoShLX",0,1,1,0
"386","R_3hxVxKnAkIqI7fn",0,1,1,0
"387","R_8DlBB5RdxjB3Z3b",1,1,1,1
"388","R_2t2N2aCc4Jv1sb2",0,1,1,0
"389","R_1odIrQOUALqs6Ud",0,0,1,0
"390","R_2aqLl6kUK1WsG3j",1,0,0,NA
"391","R_cvjmthYjM9Oc9Bn",1,1,1,1
"392","R_3qgq2vj6GN6r6mF",1,0,1,1
"393","R_2TOakCL7mFwcfPc",0,0,0,0
"394","R_2feRpjzxV9daMTG",1,1,1,1
"395","R_20NZ7BIqUfhhjUy",0,1,0,0
"396","R_55qWIxdYHYqSZhf",1,0,0,0
"397","R_24udoBRVeiCYD8s",0,1,1,0
"398","R_2tiiMt80pKiWwuP",0,1,1,0
"399","R_3iPy3F8EP9hcSey",1,0,1,0
"400","R_2S0ksPNMK8YEo2k",0,0,1,0
"401","R_2dZnzwmuDzkLGnP",1,0,1,1
"402","R_2tfXB6WnLH502ez",1,1,1,0
"403","R_3QXUOvZIq4ngX38",0,0,1,1
"404","R_1IoCpUZXARAvdKu",0,1,1,0
"405","R_3e4hZ2dAaT1MmFv",1,0,1,0
"406","R_T5we5xSLWeVBQZj",1,1,0,0
"407","R_3lQRSUCMSR6rU9n",1,1,1,0
"408","R_1n9qQq2C0B7Pycv",0,1,0,0
"409","R_3GjoUcAP7ihkca5",0,1,1,0
"410","R_3KuU6dhnO3L8NUz",0,0,1,0
"411","R_2Y9cbFtjfn9kSVI",0,1,1,0
"412","R_27Op1WCqxPNkWwh",0,1,1,0
"413","R_PukaQN4LorSjxol",0,1,1,1
"414","R_d4gXjRKbYkQYjzH",0,0,1,1
"415","R_vj1Kc0I3PfvADHr",0,0,1,0
"416","R_23aH9QJwnDupgVA",1,0,1,0
"417","R_1jvOFvIjRTDY26S",0,0,1,0
"418","R_3NV7JeNOnUR7HM6",1,1,1,NA
"419","R_1LRuTnSmlK1C05F",1,1,1,0
"420","R_27BvFD6uSZUgko9",0,1,1,1
"421","R_3gSHUqjU4847u4d",1,1,1,0
"422","R_3QL94PTzPMfdIlo",1,0,0,1
"423","R_1JCwdZjvPbEJsrU",1,0,0,1
"424","R_1GOggMZMUvhfQil",0,0,0,0
"425","R_XS3pz6PZyvMAFvH",0,1,1,1
"426","R_2QSxl9dPRM8wttC",1,1,1,0
"427","R_3oEAGfKJSl67Lvq",0,1,1,0
"428","R_Qj0GqO66J9YIkal",0,0,1,1
"429","R_12KD27JJrRvITVm",0,1,1,1
"430","R_2EoPXrDXxqPZjGb",0,0,1,0
"431","R_ULRWVaneZFgGNYR",1,1,1,0
"432","R_1gdQfZAqo6LVnDt",1,0,1,0
"433","R_3JpUkesPSjRaGNc",0,1,1,0
"434","R_2ScpMM7e4Gh7FfP",1,0,1,1
"435","R_3eazuWYXCj4iq27",0,1,0,1
"436","R_1hzHBSLx5NQokdg",0,0,1,0
"437","R_bx7TP12DX9qVYyJ",0,1,1,0
"438","R_0BAOgg66lOTgUPD",1,1,0,0
"439","R_3kbQn0eVZdJM9On",1,1,1,0
"440","R_2YXQgkcmsA1Lbv1",0,0,0,0
"441","R_XBMa3LEIQN9yYRH",0,0,1,0
"442","R_RVOLMPf0nnIqGfT",0,1,1,1
"443","R_3n14He7EMVobyi4",0,1,1,0
"444","R_3qQj8lLtiX9JRFZ",0,1,1,0
"445","R_2S1SUBIQkShv4aB",0,0,1,0
"446","R_RfRgYJuQMO1bNFD",0,0,1,0
"447","R_3KTUVIeqfZKb1HB",1,0,0,0
"448","R_3FLomOeLCkZgotl",0,1,1,0
"449","R_beXbMya6uIdy9yN",0,0,1,NA
"450","R_4T7kKcy4BL2A13P",0,0,1,0
"451","R_3kBnVOH9JkPPNEV",0,0,1,0
"452","R_3EyETyz3CgtFlIX",0,1,1,0
"453","R_123xiJgoRvxVdFu",0,1,1,0
"454","R_3iDB6U9GMfExVJi",1,1,1,1
"455","R_2eQgccnsCFT6DuC",0,1,1,0
"456","R_296pYxLY2J3BpLO",0,1,1,0
"457","R_2bHkGm7sORTZuLh",1,0,0,1
"458","R_3D74JaRF1UHNepK",1,0,1,1
"459","R_1ifkBmYJrdXMFmg",0,0,1,0
"460","R_3gLyucralr9iC1p",0,0,0,0
"461","R_1EcYb7rakcdeDjk",1,0,1,0
"462","R_3HOomBSjDY2WDqW",1,1,0,1
"463","R_1CHNIi2VgobZYJc",0,1,1,0
"464","R_2X7EivJmv33R4Ti",1,1,1,1
"465","R_2pQPG6cBSKzfLtl",1,0,1,0
"466","R_2OTKBD7crWWkSBC",1,0,0,0
"467","R_CjmZCaL2eKbWnOV",1,1,1,0
"468","R_31X9oerIsJU8EZI",1,1,0,1
"469","R_3HALa1kVBphMxE8",0,1,1,0
"470","R_unb8aiYSeYvQ1oJ",1,1,1,0
"471","R_6lkfbMJAf3vEVdT",0,0,1,1
"472","R_2A097sxnf7z7Qwx",1,1,1,1
"473","R_2WxuSr6dRQrr1Mj",0,1,1,0
"474","R_3L8bZskTXXlbVLR",1,1,1,1
"475","R_2rZ5km5C01MpnsE",0,0,1,0
"476","R_b8fta6K9VgfeQ5b",0,1,1,0
"477","R_3iIvHYXaZItgq1h",0,1,1,1
"478","R_2fjnC7WE6IzTrQ9",0,1,1,0
"479","R_12KmqE0T5l8sQmJ",0,0,1,0
"480","R_3sB0hnuBDrECR6l",1,1,1,0
"481","R_6Y834gJgqSSUD9D",0,1,0,0
"482","R_rjXi6F5kCqqnzvr",1,1,1,0
"483","R_3nuxdlCN60VXb8J",1,1,1,NA
"484","R_RVVKINCUqZZ2gTv",0,0,0,1
"485","R_2Y4IgoFD9PBfDtT",0,1,1,1
"486","R_XpP4y2Xvo4LJRAZ",0,1,1,1
"487","R_Aywd3MxWF8oQVlT",0,1,1,0
"488","R_vcUmgebHeyn3foJ",0,0,1,1
"489","R_2CVCH3Xe2l9A1Rp",0,0,1,0
"490","R_3eajqjbpzbzmvgj",0,0,1,1
"491","R_2Tz9gMVTY86ZyYi",1,0,0,NA
"492","R_tSY7NHN4k8OVDKV",1,0,1,0
"493","R_Y5Z1lk4CqyZbdL3",1,0,0,0
"494","R_2ruLIxo4gDXOwiL",1,0,1,0
"495","R_2t8VHyb0FGIp4ts",0,1,0,NA
"496","R_2EbkGxnlwJJt2oU",0,1,1,1
"497","R_3qHSCSU7gLSwUdI",0,1,1,0
"498","R_30w03SkFlX9OoCS",0,0,1,1
"499","R_3HHXjYgfV2aM0GZ",0,1,1,1
"500","R_25AcyutjE0fBRod",1,1,1,1
"501","R_1pJw8HaY00ul3uT",1,1,1,0
"502","R_3EHbFZVIQc6BvJF",1,1,0,1
"503","R_4ZRGYqRTqD92JkB",0,1,1,0
"504","R_1rIggqL8VXnz8fE",1,0,1,1
"505","R_tXNJicYalUDIQdb",1,1,0,0
"506","R_XunnCpL7lZdTHTr",0,1,1,0
"507","R_2Vgv8mcZDV8wQa4",1,1,1,0
"508","R_3dKfVsyG9hcZVqa",1,1,1,0
"509","R_3j9jVbCPML5zWRo",0,1,1,0
"510","R_6rErol3k8YePO7f",0,0,1,1
"511","R_1P75Ipe5pD49yBu",0,1,1,1
"512","R_1Ig8YdVV0JSpISM",1,1,1,0
"513","R_3nHHMFou3zUqlun",0,0,1,1
"514","R_2EGkKINVD5AFY8l",0,1,1,0
"515","R_3sb3QuijXPL6Fu5",0,1,1,0
"516","R_2WOwRCJQpCflJV9",1,1,1,0
"517","R_1FCUslSdAuYlff0",1,0,1,1
"518","R_3fW5W8NwLJ8M1aT",0,1,1,1
"519","R_x4bC7uHS8I9tShP",1,0,1,0
"520","R_21apWMHCSOdCkCW",0,0,1,0
"521","R_42AiihwqhcCcrcZ",1,1,1,1
"522","R_3O3aZUdTKtK7k5g",1,1,0,1
"523","R_2TnHt1BTlUJKGcM",0,1,1,0
"524","R_pRYVp656QfRTbTr",0,1,1,0
"525","R_cGVqIOa73YJceVr",1,0,0,0
"526","R_3D1MR1mi2YY0PWe",1,0,1,0
"527","R_2rvBiL2AIDvDolm",0,1,0,1
"528","R_xDcSH4uscOB42T7",0,1,0,NA
"529","R_2c2wJtLSgWc5d09",0,1,1,0
"530","R_31sDOGMqforv0Nu",1,0,0,0
"531","R_31SPkV5Il8H2vIm",1,0,1,0
"532","R_QhPo3WJcLZ9pkgV",1,0,1,1
"533","R_1CqdHE2BJXaeNGC",1,1,1,0
"534","R_2B5qtkvqyIJLjZr",1,1,1,1
"535","R_22QYdZ1nc4RJUAd",1,0,0,1
"536","R_e35SEaH3TxAfQLT",0,1,1,1
"537","R_3qQj77Kc5M5hanC",1,1,1,1
"538","R_1QmeZVTO8Sdv3iS",0,1,1,0
"539","R_2ClzLF9cwRNhV8Z",0,1,1,0
"540","R_1NFm4RJ3edcLvQZ",0,1,1,0
"541","R_2ttAJ5W2mQii7my",0,0,0,0
"542","R_1jp053mm52pqbcs",0,0,1,0
"543","R_2z86lBIj2VmAA9P",1,0,1,1
"544","R_6JMIY3DgtWxXsM9",1,1,1,1
"545","R_2z5wTCz9I9HwgYV",0,1,1,1
"546","R_r6i0tY3mcBAoInL",1,1,0,1
"547","R_2PoEL7bwOIRsNo5",1,1,1,1
"548","R_1Kpat9sDIfXd7fW",1,0,0,0
"549","R_XozMGDtKp4BuDvj",0,0,1,0
"550","R_26o1os3w2uiMTLN",1,1,0,1
"551","R_1MTmpMiDSHgaTSb",0,1,1,0
"552","R_2VDqvBQBK7ZcNp2",0,0,1,0
"553","R_21bm5GtHI2ibEn1",1,1,1,0
"554","R_3MlisQbmX3g2QgX",1,1,1,0
"555","R_UfDHToYo1Y30s3T",0,1,1,1
"556","R_2wSKgWMFhmoMKMc",0,1,1,1
"557","R_2BtwwE1Ogif0qix",1,1,1,1
"558","R_AAjrkV1V92UH3nb",0,1,1,1
"559","R_2B8t1h4TZR58Af2",0,0,0,1
"560","R_1NDNGoIoWjHoD3D",1,1,0,0
"561","R_1DBaBeoMaOCXGnV",1,1,0,1
"562","R_26lHXdmV9b8Vnu7",0,1,1,1
"563","R_RrimuevlTeTiZ45",0,0,1,0
"564","R_3KO7zkdnhI4lUWR",1,1,0,1
"565","R_2uKX37xwtoYtLkr",0,1,1,0
"566","R_3CZevcpT2xNYcQg",0,1,1,1
"567","R_3r0BF6SDC6EuDza",0,1,1,0
"568","R_2UgvHJ5p8bREDne",0,0,1,1
"569","R_3kjkQhp7neIfEJL",0,0,1,1
"570","R_2U4bDL31AYdO11s",1,1,1,NA
"571","R_1ozohykECGpW2mV",1,1,1,0
"572","R_24jGdGUv6Tgkh23",1,1,1,0
"573","R_2bOu5QzHskQrk92",1,0,0,1
"574","R_3QYN5bIbUUuEjko",1,1,1,0
"575","R_6eO2Ojbfgji2jbH",1,0,1,0
"576","R_DNnsphAsiDXPly9",1,0,1,1
"577","R_1QydraGNUZUzgW1",0,1,1,0
"578","R_3qO44MJcdNIEviK",0,0,1,0
"579","R_1dGESiic94hJkLg",0,0,1,0
"580","R_1nTRNYDyv6nsx25",0,0,0,NA
"581","R_3WoXAaf0h7GAwF3",1,1,1,1
"582","R_2qjv0M1Cqv0MYb5",0,0,0,1
"583","R_3J9MGCvfAAF9Jat",0,0,1,1
"584","R_2wsiIuCTf5m5rAd",1,0,1,0
"585","R_1OjLr0mvmLfl180",0,0,0,NA
"586","R_24JcFFg2OI3sgrx",1,0,0,1
"587","R_241mrAsTvQOwF5S",1,0,1,0
"588","R_2f3skD1OFG2E72K",1,1,1,0
"589","R_2dEW5ELaehLulUE",0,1,1,0
"590","R_1hJTzb9vyobtL7K",1,0,1,1
"591","R_1rJjsKiFCwAQF13",0,1,1,0
"592","R_qyyQkBI4xjdSVuF",0,0,1,1
"593","R_2YmnFFME1BvgxM7",1,1,1,1
"594","R_1jVX6NyQOoZfKfG",1,0,1,NA
"595","R_efjDB3H1SiTnvm9",0,1,1,0
"596","R_2SdWV7CPveokONA",1,0,1,0
"597","R_1cTVKc78QO8vORj",1,0,0,0
"598","R_UQ6Afig8P0pQfi9",1,0,1,1
"599","R_3nH5JQL4ichdIzu",1,0,0,1
"600","R_2Tt2YZyjG8tKOyg",0,1,1,0
"601","R_1QrwPYdTlBjOzv1",0,0,1,1
"602","R_2rpiJ5qdljLzrpd",1,0,1,1
"603","R_2VEZ9AGtkP1ms0W",1,0,1,0
"604","R_2SjAhZFwj0OXI72",1,0,1,1
"605","R_24zXc51kqEB7mtI",1,1,1,1
"606","R_1rCThiNdqBbBSXw",0,0,0,0
"607","R_3RaYTB8ptjiii9L",1,0,0,NA
"608","R_0chYjDXi95vRZD3",1,1,1,1
"609","R_3iVJhYXMDi2j9QZ",1,0,1,0
"610","R_Ajvh1fiCbHlSlZT",0,1,1,1
"611","R_2BwEnPhbzWXoYJi",1,1,0,1
"612","R_1r7bPVHg6mUiTgh",0,0,1,0
"613","R_TwwrbKdidK570Mp",0,0,1,1
"614","R_3futBJnBDwmnxPi",1,1,1,1
"615","R_da0EKUWLeHwqQE1",0,0,0,1
"616","R_3KO3rcQbVK3Fg4Y",0,1,1,0
"617","R_2s4OZcUlFcplKMK",0,0,1,1
"618","R_3Kx40ZGWyNPE7un",1,0,0,1
"619","R_2RUKPzhx9NgaLjx",1,0,0,1
"620","R_2TGLMH5133SqMI8",0,0,1,0
"621","R_4TPwggFgA1MQYFP",0,1,1,0
"622","R_2af8OWyUSjTieI0",1,1,1,0
"623","R_AN8ZCLqbtHjaHCN",1,0,0,1
"624","R_1lmyUpxV7Vh8VE1",0,1,1,1
"625","R_3kJfgYFcnCrzczf",1,0,1,1
"626","R_273aogYjHgH7oE7",0,0,1,0
"627","R_1HjeXQaLW1XmsxL",0,1,1,0
"628","R_3EAMWyYunfqhPQ8",0,1,1,1
"629","R_3NKSYxX2FzTiz7Z",1,0,1,0
"630","R_3HN7qvh24yVHYqv",1,1,1,0
"631","R_3nTSQpasEpI4eiD",1,1,1,1
"632","R_3ReIhZXCiUvOoOx",0,1,1,1
"633","R_2roxIv3vDxE9mjX",0,1,1,1
"634","R_OrHdcZW7M3elCi5",1,1,0,0
"635","R_1BoQChiq3edWOiJ",0,1,1,1
"636","R_31WvKx2THBSKYzM",0,1,0,0
"637","R_1N5fMCer01QOel6",1,1,1,1
"638","R_3fBgKIP5haVh30a",0,1,1,1
"639","R_1dpsla2rnElJspW",0,1,0,0
"640","R_3PbmQHegAMktT7Q",1,1,1,1
"641","R_2QFMPDwNCPA1Mo4",0,0,1,0
"642","R_3nSkbSlaUk69dQW",1,0,1,0
"643","R_3e4ylQW3ulFzEhV",1,0,1,0
"644","R_10PKRM7hYSQj8AA",0,1,1,0
"645","R_DkQ0gQj22m1LQFX",1,1,1,1
"646","R_2ccqeuevvZ7cF0F",1,1,1,0
"647","R_4Z7c2D4pXGMJePD",1,1,1,1
"648","R_Wqu2O5ApUPN5UXv",1,1,0,NA
"649","R_x0pXirbvy0YE8E1",1,1,1,1
"650","R_T6CqEab8yZPo6op",1,1,1,0
"651","R_3nqKBhZZ0CZkLAN",1,1,1,0
"652","R_1gNGnB3QjOj1tOr",1,0,0,1
"653","R_UmYTYm0mEO4AcWR",1,1,1,1
"654","R_3EYKpjGqMRpYGIk",0,0,1,1
"655","R_2VKiVA9T7daACMc",1,1,0,1
"656","R_129KhhZFQd4ohzk",0,0,0,1
"657","R_290nabnznLj8Q4z",1,1,1,1
"658","R_33BSGyKvFxZgIbq",1,1,0,0
"659","R_DodXkBLKmQd0vJv",0,0,0,1
"660","R_1laxFpppsRtBe7I",1,0,1,0
"661","R_1Q0E21VAmyvq37J",0,1,1,1
"662","R_1eJfwUZgQrk3cMT",0,1,1,0
"663","R_24P2qFN7Cdixd62",0,1,1,0
"664","R_3QJJujrOCghfl0x",1,0,0,1
"665","R_3gNNTk5M4iTEkH4",1,0,1,0
"666","R_DtP2KWKelnb4l4l",0,0,1,0
"667","R_25Nizr2XqDnS8YC",1,0,1,0
"668","R_3fUV0C1Ner4Nmfq",0,0,1,1
"669","R_abEOdvMAk304o5X",0,1,1,1
"670","R_tSec4vQdPiG9E9H",1,1,1,1
"671","R_1hWq4zOU4SMsjIo",0,1,0,1
"672","R_33fEAzS4cGN195p",0,0,0,1
"673","R_2uEOCJAXqhlCGJw",0,1,0,0
"674","R_1hygGom8vRYUZuR",1,0,0,1
"675","R_2OITcr5jtFKcxAx",0,1,1,1
"676","R_31Y03iJaeHUk4nt",0,0,1,0
"677","R_2riR3RKCloWQHUO",1,1,1,0
"678","R_3mXwY1BB4MznO6t",0,1,1,0
"679","R_2CHCpfJKCo796o5",0,1,1,0
"680","R_55YYnsjyLnNtRa9",1,1,1,1
"681","R_SHTKJoUTjhl89Jn",1,0,1,1
"682","R_3KusRaV7umT2VUu",1,1,1,1
"683","R_2qxvUiiDP3kx7am",1,1,1,0
"684","R_2QQBB48FsFIkJUb",1,1,1,1
"685","R_3D5vnSiqJdrH2Ti",0,0,1,1
"686","R_30tQCH6OmkGGtYV",1,1,1,0
"687","R_PZfxV7Lwa2IqwaR",0,0,0,0
"688","R_74G6XMzPAbrElmp",0,1,1,1
"689","R_6KXZCT0AZ8JuiBD",0,0,0,NA
"690","R_2tnDI099aP32oRQ",1,1,1,1
"691","R_1GPlRr1BfD9NnWw",0,0,1,0
"692","R_C1dIytk6UoGqVzz",1,0,1,0
"693","R_1FFc7BAzhsrXI9r",0,1,1,0
"694","R_10NKGZOWBE93QPn",1,0,0,NA
"695","R_2zNINIGEIA4DBaT",1,0,0,1
"696","R_2pWzn12A3Vyx6VF",1,1,1,NA
"697","R_1HomobcIJpbVjZT",1,1,1,0
"698","R_1hExsHWnNu2m7sF",0,1,1,1
"699","R_3kvWnR8m2gLzw6N",0,0,0,0
"700","R_2xV7VlNJpY7i9qe",1,1,1,0
"701","R_2P7mSUrOUZg1TSs",0,1,1,0
"702","R_2WPtlwlWT3suI68",1,1,1,1
"703","R_PNiZaZFu2HrZJ2V",1,1,1,1
"704","R_3elRlGpLQAnLAGA",0,1,1,0
"705","R_21h7S4zqTrKgT9T",1,1,1,1
"706","R_3nJjO9j2ZwNX63y",1,1,1,1
"707","R_2xxyZz8pKZLa4ZX",0,1,1,0
"708","R_31bjpaRNDyF9333",1,1,0,1
"709","R_3s4juBhaKwDluim",1,0,1,0
"710","R_1LjaN4XSfVipwS9",0,0,0,1
"711","R_1r1iUf0GrCL0EFf",0,0,1,0
"712","R_8612GihiTVqCEzD",0,1,1,1
"713","R_3hDQ1byPB0uuxf2",0,0,0,0
"714","R_cHddmp0KLDvDPkl",0,0,1,1
"715","R_3psY0YUN7oO0fF3",0,1,1,0
"716","R_9ALND7T5YUbGSvn",0,1,1,1
"717","R_1kUfSH4ejJ9bwqn",0,0,0,NA
"718","R_3CGZndlXL26Rspt",1,0,1,0
"719","R_22QVIWQcWPwQn1N",0,1,1,0
"720","R_1g7qzxOvAwXkm8V",1,1,1,1
"721","R_296ppp6jw0dLnlG",0,0,1,1
"722","R_SAUsJkBMP11D0k1",1,1,0,1
"723","R_3JLqWRaYaZu9sHX",1,0,0,1
"724","R_sROnFYZHNz0TIch",0,0,1,1
"725","R_XH6kkCetVQXOvTz",1,1,1,0
"726","R_3MAMkDq3Ued9Crr",1,0,1,0
"727","R_3lG59JkQIc9vqQX",0,1,1,1
"728","R_2upJBHs14aPa2uW",1,1,1,0
"729","R_3kcvEf26KTYydPr",0,1,1,0
"730","R_29plEDuuoJgqT74",1,1,0,0
"731","R_3nvlhy4zBHkFfw8",1,1,1,1
"732","R_3oKHlp8IQ5g5fgw",0,1,1,0
"733","R_3PNRVwSyvYLJ4Rh",1,0,1,1
"734","R_1QMfWPg0oY8vd1Q",1,1,1,0
"735","R_3O1DLGqu1kDiXFQ",0,0,1,0
"736","R_2fuGQvart2eQAFC",0,0,1,0
"737","R_3QSb5MiZtGwtRRf",1,1,1,1
"738","R_3HMlsHQ8D51D7l8",1,1,1,1
"739","R_1dizC4H87bnJmku",0,0,1,1
"740","R_10NS7YrptlflLE4",1,1,0,1
"741","R_3CCtgOaYz2C7AQw",1,0,0,0
"742","R_1FJ4joxZQGRS1e3",0,1,0,1
"743","R_3s1fUIqjVinXwBg",1,0,0,0
"744","R_3DhFj2nNXgECQXc",1,1,1,0
"745","R_1gelngrW0HsrLyd",1,0,1,1
"746","R_3n8KuxVddCWIino",1,1,1,0
"747","R_1pGTqd0wiSNhyFX",0,1,1,1
"748","R_1oBEPW8RlUWgKlO",0,0,0,0
"749","R_1RJv0AUF8Rvu9SV",1,1,1,0
"750","R_2tM67UpCzYCKcW0",1,0,1,0
"751","R_XmPwZJXcNWyg1Ut",1,0,0,0
"752","R_ZJFilJyHwuHSXrr",1,1,1,1
"753","R_u9TeULb7sKaPvW1",1,1,1,0
"754","R_1Lj9aL1LgIpy7Kf",0,0,0,1
"755","R_3Gew5U348kw6V0U",0,1,1,1
"756","R_3hymBp2afBF1RoE",1,1,0,0
"757","R_OlZ4K8Ah4AsCguZ",0,1,1,1
"758","R_3Ht9bQeZoB8rv4d",1,0,1,1
"759","R_2YyRpzyoqltqlKs",0,0,1,0
"760","R_2cpdPF0JjqTNEyZ",0,1,0,0
"761","R_24LVV71qyEyICNW",0,1,1,0
"762","R_10uXp1clm18dV0J",1,1,0,0
"763","R_QgEqheaxK9nbWCZ",0,1,1,0
"764","R_DSmnQq1LyZXtmMN",0,0,0,0
"765","R_2yjRXr33cIF0bAx",1,1,1,NA
"766","R_2f1gQLmg1585hJN",1,0,1,1
"767","R_11XvXbmtJRMxuPf",0,1,1,0
"768","R_2A1oqCEOmlZHcvE",0,0,0,0
"769","R_3h4ry5bA2ELKJ17",0,0,1,0
"770","R_z1OrsW6nLFxURkR",1,0,0,0
"771","R_r6kOlkvrJxucXpT",1,0,1,1
"772","R_1eyr2FbksDO4nyw",1,1,1,0
"773","R_2V8B0qxOzYF9qfZ",1,1,1,0
"774","R_NW7mUil5NO0sm1r",0,0,1,0
"775","R_3DhaF8ss4wY4Vht",1,0,1,0
"776","R_3ksTnjTGygVkrdo",1,0,1,0
"777","R_2wtqCUCwJ5SR53c",1,1,1,0
"778","R_1KiDAtUUjL9RGya",1,0,1,0
"779","R_2zuUlKykqHLEbpN",1,0,1,0
"780","R_suvdlKdK4mTPYpX",1,0,0,1
"781","R_1BY61cMsIzok8ZD",0,0,1,0
"782","R_1Ky8X29i9jmvFsQ",0,1,1,0
"783","R_27doajkt46WrxtF",1,0,0,0
"784","R_2TKVMEu9cHrCZRQ",1,0,0,0
"785","R_3qwGM984g01f44m",0,1,1,1
"786","R_2OZvZlyFrGSaV6t",1,1,1,0
"787","R_2DOZc9d5NgSFfYa",0,1,1,0
"788","R_s4CeX12O2Y0F5Dj",1,1,1,0
"789","R_33s49V9yTYTwTAf",0,0,0,1
"790","R_3HCwtA44m5GLlrY",1,1,1,1
"791","R_2s6jGhccCl8m6El",1,0,1,0
"792","R_XM2fNf7o4VAiLFn",1,1,1,0
"793","R_3e3pOTZZ3bsfvo0",1,1,0,1
"794","R_3CTMd4lsZRhKdTP",1,0,1,0
"795","R_XGRDh8nalNdi77z",1,1,1,1
"796","R_27xjuFTE1OZo3QQ",1,0,1,NA
"797","R_3hlJsb3cJydck7Y",0,1,1,0
"798","R_1N371Tq11stgkoU",0,0,1,0
"799","R_22PrgoWyUx42VX5",0,1,0,0
"800","R_9uDvQzqGGImDtnz",1,1,1,1
"801","R_XNEqVYlRwA1BE7n",0,0,1,0
"802","R_XuF32gXqT49gKhH",0,0,1,1
"803","R_ym8kD7icZG32Uud",0,0,1,NA
"804","R_2CdkkKNlITAfzfF",1,1,0,0
"805","R_agG6Wve2PKYFY7T",0,1,0,0
"806","R_1InmsnjPWySD4vQ",0,1,1,0
"807","R_dbuSRLVD7uKQwJH",1,1,1,1
"808","R_qEGYXwsXgAXZz8d",0,0,1,0
"809","R_qId3FsmlX7PTltv",1,1,1,1
"810","R_cNCAgrRL5cq4ucN",1,0,0,1
"811","R_0fcRAmRLrsra2xH",1,1,1,0
"812","R_zcWCn7XljEp3dqp",0,0,1,1
"813","R_1gANtmyASRkCnqT",0,1,1,1
"814","R_Qhm1FWJrwVnNM9r",1,1,1,1
"815","R_3oTIRxSV4odFRDC",0,1,1,0
"816","R_2Y5M84YVBkvzrd4",1,0,1,NA
"817","R_1FFYJXZgXn86TY1",1,1,0,0
"818","R_1F3QEPYZv79favN",0,1,1,1
"819","R_3iX2IjQ9HwL5n6V",1,1,1,1
"820","R_3dEvQiYWLDZkrGD",1,0,0,0
"821","R_1Q57LgG7FgKzVsn",1,0,1,0
"822","R_3lVl7YbEIqiNY09",1,0,1,1
"823","R_Y2XKzRu9YD2M5ZT",1,0,1,1
"824","R_DdUjZDqO30dbTtT",0,1,1,1
"825","R_3knWqDJyOyrNqgn",1,0,0,1
"826","R_1OxZqyxNfLYPOUW",1,1,1,0
"827","R_3LXTK1TukuDUd1z",0,0,0,0
"828","R_1r6shYlYoxy1GxN",0,0,1,0
"829","R_Ulqds5vxJXGz3qh",0,1,0,0
"830","R_3g6OH6MC0L178Pr",1,1,1,1
"831","R_bNP1Kfqdoomqgcp",1,0,1,0
"832","R_2eRrz3VuojDSoRg",1,0,1,1
"833","R_3311cuXntNSO9HZ",0,0,1,1
"834","R_290MeMjj9iRwWCt",0,1,1,1
"835","R_2tEHqA9DsqqBxVg",1,0,1,0
"836","R_1GDlyuwCjgAYm2d",0,0,0,1
"837","R_vqXKbJ9QdWd8DK1",0,1,0,1
"838","R_6Wn5lUjHDB9jOwN",0,1,1,1
"839","R_1Qo5vFVCU43oDc0",1,1,1,0
"840","R_2rluNBEsHFXgTiq",0,1,1,0
"841","R_a36GE0YehGBa2yd",1,1,0,1
"842","R_2uHXMs8Tykvuptv",1,1,0,1
"843","R_w7DGcZCRaVxSTlv",0,0,1,1
"844","R_3HHvB7Em4q0HHRn",0,0,1,1
"845","R_3M3WmlhpN7LgXcL",0,0,1,0
"846","R_3rOKpDM2NTaNs1J",1,0,0,0
"847","R_1PTqXpSmlkBlDWq",1,1,1,1
"848","R_sHAo4EFrqrcGsV3",0,0,1,1
"849","R_2wLlMNNgN0g5o4t",0,0,1,1
"850","R_AuFCDKGCsm7NQ1r",1,0,1,0
"851","R_1EbvniK68O0BxuB",0,0,1,NA
"852","R_33Dbx9BL57QiBf1",1,0,1,0
"853","R_Uuo8Ni8y4Zrv4hb",1,1,1,1
"854","R_OJT5daxdAbMQuhX",0,1,1,0
"855","R_2y3GIOmH8T656Ie",0,1,1,1
"856","R_3hzhgwqlH33qbbJ",1,0,1,1
"857","R_1guoYXjIzsvpXUB",0,1,1,1
"858","R_2BgGQEXjHzRnnj6",1,0,1,0
"859","R_3HSBsf64WUYlZYZ",1,1,1,0
"860","R_2TKKSvizaQZuxG1",0,1,1,0
"861","R_2f1GRrJqm3FDHkK",0,0,0,0
"862","R_3I5isXgrWJXaoJk",0,0,1,0
"863","R_OPffuEkj7xYzUDT",1,1,1,NA
"864","R_8xhDEXBw8f2LMIx",1,1,1,0
"865","R_33BdHanVBhdLreV",0,1,1,1
"866","R_reD9Hie4w3bf2uJ",1,0,1,0
"867","R_1n8b9FfaCl72RCR",1,0,1,0
"868","R_UiR37GlYoB4QlwZ",1,1,1,0
"869","R_3j8LvK1OGVSGMaz",1,0,1,0
"870","R_32PbASLOTSxO40T",1,1,1,1
"871","R_1mQvxqBPlCuJIaH",0,0,1,0
"872","R_BKA0edxOsJkWGIN",1,0,1,0
"873","R_27vY1IokwZ9Lllv",0,1,1,1
"874","R_123Ty9uXJnqXwiG",0,1,1,1
"875","R_3QXjlgyYdNMABhK",1,1,1,NA
"876","R_dnXlBzT2lvTMteF",0,1,1,0
"877","R_blqwhJMrdk6uSAh",1,0,1,0
"878","R_rirXL00QuszifLj",0,0,0,0
"879","R_23VRKA7Yqzr1hfO",1,0,1,1
"880","R_3fpKeAFryTCZa7Y",1,0,1,0
"881","R_27VHYMTWdP24XZR",1,0,1,1
"882","R_5bRJ3lbrFerDFSx",1,1,1,1
"883","R_2RVejRm6n39FtJw",0,1,1,0
"884","R_1dta3loKFfC7hPl",0,0,1,0
"885","R_248yvqtvTxxhirj",1,1,1,1
"886","R_p3F2Db3jsAHli49",1,0,1,1
"887","R_3hawciWfRSCCd93",1,1,1,0
"888","R_1eQs4DqrH0ijxNO",1,1,1,0
"889","R_9GedTcTPnh5reXT",1,0,1,1
"890","R_bg8ArydpAgBwRnr",0,0,1,0
"891","R_1QyAG88Jk522buJ",0,1,1,1
"892","R_1lhmTheYsJ7AJQ5",1,1,1,1
"893","R_xFAmd7O3ByCC4vf",0,0,0,1
"894","R_Rn2V8jGoWt3yHzH",1,0,1,1
"895","R_2v7md5M6zkR1WGP",1,0,0,1
"896","R_AjjqNyn9IK2XT5T",1,0,0,0
"897","R_YPvJNauH3Ir2A9P",0,1,1,1
"898","R_WD2RwtMboRWikBr",1,0,1,1
"899","R_1dgDGulfCkN7VFh",0,1,1,1
"900","R_RlE6Oi7moOOTHqN",1,1,1,1
"901","R_1j6QG1rxWbCkCTq",0,1,1,1
"902","R_W9yO3bxEn014Sbv",0,1,1,0
"903","R_12hiZLzKqomW8Lc",1,1,1,0
"904","R_XAEJGmmwOBiUR57",1,1,0,0
"905","R_324Uczgd54WMSSg",1,1,0,1
"906","R_2zkVhpukt77hEun",1,0,0,0
"907","R_3J4rrI3U6VBKYcP",0,1,1,1
"908","R_3G24tCU0hTRgCwm",0,1,1,0
"909","R_28BuoLSD3Wl7so4",0,1,1,1
"910","R_1ia13YqpuDnLkbV",1,1,0,1
"911","R_3dFXmugLEEvcVJv",0,0,0,1
"912","R_1qgNylMdLFEISAN",1,1,1,0
"913","R_1goUV0UuhkF0TmK",1,0,1,0
"914","R_beaOLzNCVZohNwR",0,0,1,0
"915","R_3QPBXo8VkGy8r8O",0,1,1,0
"916","R_xmcDHQIPhHkMmsh",1,1,1,1
"917","R_2Po2aTOPxONWxUs",0,1,1,1
"918","R_22XMclCDzyasBDi",0,0,0,1
"919","R_8qU8PneNFpkiBCV",1,0,1,1
"920","R_SZrAxgKyCcVNpRf",1,1,1,0
"921","R_3pbz38urvDyjMLN",0,1,1,NA
"922","R_31SNpEtV6kpziTs",1,0,0,1
"923","R_2taup07p6fF979d",0,1,1,0
"924","R_eEPSht1KMSOAS0V",1,0,1,1
"925","R_3lW9S4UKfmGrqPs",1,0,1,1
"926","R_2QilZfXiL6iO9oh",0,1,1,1
"927","R_12fpZHaOoYVQvSX",0,0,1,0
"928","R_3I60yI0FrdWAmMq",1,1,1,1
"929","R_237QXpIklYwJcGQ",0,0,1,0
"930","R_28G5IW70eDDD26N",1,1,1,1
"931","R_3LaRR7lCdVQTMJL",0,0,1,0
"932","R_12r65yh0ppai97s",0,0,0,0
"933","R_3fkpUk6wlvhFwnh",0,0,1,0
"934","R_7ah80AYgiZRjYjL",0,1,0,0
"935","R_PU8TBSOs07Ouorn",0,0,1,0
"936","R_1K1G5knkAPzmsd9",1,0,1,0
"937","R_3huNHeMzv9CltUB",0,0,1,0
"938","R_1MWDfdEKZIKVlul",0,0,1,1
"939","R_12hZ1HFXxmF44tE",0,1,1,0
"940","R_3nU7ElVQPvAo1kE",0,1,1,1
"941","R_1OSJr0veaim4gYA",1,0,1,0
"942","R_3R2XdWEhQxcIBhQ",1,1,1,1
"943","R_3OoGnIShy3hpQgu",0,0,1,1
"944","R_3MybzShvxI9yRIM",1,0,1,1
"945","R_29uFi4tmivIi3rn",1,1,1,1
"946","R_73fG0l4KDfdbgE9",1,0,1,1
"947","R_3D72NYwnnXqQtXg",1,0,1,0
"948","R_1q4AHFh09Fp1zxG",0,1,1,1
"949","R_12AAxUOhq2Z7wP0",1,1,0,1
"950","R_3NPVoNkRD0cI56a",0,0,0,1
"951","R_3GDKAnF519EOXhR",1,1,0,1
"952","R_25yjUuvDnZncIp6",0,1,1,0
"953","R_86vuVl9DuLSS1Hj",1,0,1,1
"954","R_3qFMVZUCekJA2rf",0,0,0,0
"955","R_25H22z6qJf9U0Dc",0,1,1,NA
"956","R_2AKFONSOMjXsxct",0,1,1,1
"957","R_Rrj1hhkUmZdyvtL",1,1,1,1
"958","R_24qMYJogXc8VhPo",1,1,1,0
"959","R_Od6ZGw04Jf4nUDn",1,1,1,0
"960","R_27BuwnxluYfuxHv",0,0,1,0
"961","R_3qmlVvjJvwJ4ODF",1,0,1,1
"962","R_vk0ZBwKRRmrnhJL",1,0,1,0
"963","R_Zx8filx6vyyabo5",0,1,1,0
"964","R_3FQYHgoh7jY9bNY",1,0,0,0
"965","R_2rouxkXcF2loAHR",0,1,0,0
"966","R_2OGVR5bqoXnuAN7",1,0,0,1
"967","R_2tsy9NhNGeEM9nY",1,1,1,NA
"968","R_3lJjK8a9Yb0XWxB",1,1,1,1
"969","R_3CTNOO0GLCl3Rno",0,0,0,NA
"970","R_a4oJILO8UhVc0dr",1,1,1,0
"971","R_U9JqCY3Axu5X5Gp",0,0,1,1
"972","R_3qQYgn3u06ECwxA",1,0,0,0
"973","R_1DZ5kt6jUb9oJeP",0,0,1,0
"974","R_1mDkbXLgFVRLGZ6",1,1,1,0
"975","R_VXCmr2Eq6dBJTDX",0,0,1,0
"976","R_26a8C3ZUtZoXtTs",0,0,1,0
"977","R_1QgrmnHH26Z16f5",0,0,1,0
"978","R_1Ky8Zc3zHL59vW0",0,1,1,1
"979","R_4MAMNUqdP7oOjvP",1,1,1,1
"980","R_3iqYWAY5eSGYR2k",1,1,1,0
"981","R_29hNxomuxUb26r3",1,1,1,0
"982","R_2OViVukdRqDekoU",1,1,1,1
"983","R_1okbyKjCUtqYpgg",1,1,0,1
"984","R_3gyO15gyIBGhGKd",0,1,0,0
"985","R_3JiaivUKmfRJHBD",1,0,0,0
"986","R_1kS4RqqplJRFO0x",1,0,1,1
"987","R_Z2KLLc3ObQNVPoJ",0,0,0,0
"988","R_dgnLUXJi47WBRIZ",0,0,1,0
"989","R_4J8lqvHf1mwXBaF",1,1,1,1
"990","R_3oI1QyAnAxxfJ9v",0,1,1,0
"991","R_OJqrF1cUMvlFckx",1,1,1,1
"992","R_3R4xtyHSFOwVVXL",0,0,1,0
"993","R_1GVugr6Qt0ZmZCu",1,0,0,0
"994","R_8psWGLHM2IVcL5L",1,1,0,1
"995","R_qWUIMSnPbzLAOEF",1,1,0,0
"996","R_bOv6plzPQECpw77",0,0,1,0
"997","R_1pXXLhfl0ulNgmD",0,0,1,0
"998","R_UbD25LDdGtaNY7T",1,0,1,0
"999","R_1hT0W6EmpON5W9b",1,0,1,1
"1000","R_2rwMyythm6t91kQ",1,0,1,0
"1001","R_shRnFujj2WlPO0h",1,1,1,1
"1002","R_3eq25YCx4MgUlFM",1,1,1,0
"1003","R_vq1T2jZATWhrDgt",1,1,0,1
"1004","R_8rac65ls1fyaVdn",0,1,1,1
"1005","R_2xWYUVvPQyR3y0y",0,0,1,0
"1006","R_AnQc016OCcjqcQF",1,1,1,NA
"1007","R_3PFkdAqZAo2YNIB",1,1,1,1
"1008","R_1pRn9bSlFJi8fmC",0,1,1,0
"1009","R_3NU2Ffz3fFPtWoa",0,1,1,0
"1010","R_262VBYBtMJpbzqh",0,0,1,1
"1011","R_0PTs3U7zCLfTWp3",1,0,1,0
"1012","R_1pWhWv2FkAiN6yB",1,1,1,0
"1013","R_12utY0ToIhRQjNC",0,0,1,0
"1014","R_2QzB9SYvvlsK1OP",0,0,1,0
"1015","R_3gNGk5cjgpTVLWF",0,1,1,0
"1016","R_3DiPaTAQwbUSkRN",0,0,1,0
"1017","R_2rF3OD1WBA9RAS5",0,0,1,0
"1018","R_1DG6FsX9sO4b6iz",0,1,1,1
"1019","R_2B9RVWYq2UWYdHH",1,1,0,0
"1020","R_2D8kapPRwBjvdjr",0,1,1,0
"1021","R_2wzqu8C1h7fzSnW",1,1,0,1
"1022","R_2TplhqOMNkl7RKw",1,0,0,0
"1023","R_3HwsscvyBDl3tuR",1,1,1,0
"1024","R_2YqVwyLxILOTz6G",0,1,1,1
"1025","R_3m8umrZ33icz6eJ",0,1,1,0
"1026","R_3w4EWuibmFcIrjb",0,1,1,0
"1027","R_3mk8ur1nrWBFRLj",1,1,0,1
"1028","R_ZjXxnJ80cac49IB",0,1,1,0
"1029","R_ywluyGd8PYYn14d",1,0,1,1
"1030","R_T5F65KeLaI2HP57",0,1,1,1
"1031","R_1OZDck3vMencPmG",1,0,1,1
"1032","R_1ps4nepk0vmq29Q",1,1,1,1
"1033","R_Un2670DhIGZnQlj",1,1,0,0
"1034","R_3HZvQjxnKfzbqRd",1,1,1,1
"1035","R_RnsRyuMsvNmNwKR",0,1,1,1
"1036","R_2SGrsuZZZOeumRN",0,1,1,0
"1037","R_2tg0kfCG1ZQz6Hq",1,0,1,0
"1038","R_2WGQIz6LgckGqlv",0,1,1,1
"1039","R_3DeG3LPe1oMY2ec",1,0,1,0
"1040","R_4IogT3PtA0wl8Xf",0,1,1,0
"1041","R_2Cjp3PELsdIFb7d",1,1,1,0
"1042","R_2s0Us2RNMMsgSWa",1,1,0,1
"1043","R_3kjJIz1wmOMEkAG",1,1,1,0
"1044","R_1hyDw77AHxIFcVk",1,0,1,1
"1045","R_1IymbBmCYYfUTVH",0,1,0,0
"1046","R_24oZEnBoNbJ7sl3",0,1,1,1
"1047","R_eew4AmqfL5wMd45",0,1,1,0
"1048","R_2zBg4rA5mwlD6r5",0,0,1,0
"1049","R_1obCqhlOsl6l5QI",1,0,0,1
"1050","R_2vcuxAikePyYXQB",1,1,1,0
"1051","R_2Uho1qbAreefyrQ",1,1,1,0
"1052","R_28IBX2jLHifHnOH",1,0,1,0
"1053","R_OCs39uHjOAmlsQh",0,0,1,0
"1054","R_3KTTlncXsUxXSmS",0,1,0,0
"1055","R_RCCzfBbYFWkxc3L",1,1,1,0
"1056","R_3R3lSuFG5FwCVWg",0,1,1,1
"1057","R_dg4FzmrGlw5uIkF",1,0,1,0
"1058","R_27ExoiInI9v3UQf",1,0,0,0
"1059","R_2riImLyyJ6w4BhN",1,1,1,0
"1060","R_1prR2518C4QpWrU",0,0,1,0
"1061","R_1lrxmIytrfbZ8dD",1,0,1,0
"1062","R_1ovGa0O6FcAdjoj",0,0,1,0
"1063","R_33qfNQyUPorHppR",1,0,1,1
"1064","R_3NyrBPoBJN6Rmq5",1,0,0,0
"1065","R_2wHpoiVC07lSy2k",0,1,1,1
"1066","R_1GIDUy46WP1zRW9",0,1,1,0
"1067","R_1jxjech0vT7rUv6",0,0,1,1
"1068","R_XKR0bsq1Sn5RGEN",0,1,1,0
"1069","R_cJfSlzKRvzfgTtv",0,1,0,0
"1070","R_DVtkiNRCpGk6Z9v",1,1,1,1
"1071","R_3jYBuQ3qN38goAG",1,1,1,1
"1072","R_UYBYXbeVkeXbss1",0,0,1,0
"1073","R_tG68HhMPAjC4siB",1,1,1,1
"1074","R_1GPuxRyxqE6rGca",0,1,1,0
"1075","R_29gF0EXDMyThExi",1,1,0,1
"1076","R_eKIMuMpDMn7KY7f",1,1,1,0
"1077","R_2tnkdYkQHuvz4ET",1,1,1,1
"1078","R_1HhJV142eyGKXLO",0,1,1,1
"1079","R_1kLhjxro2VwJsBD",0,0,0,0
"1080","R_3CPck4fnUqsqecJ",0,1,1,0
"1081","R_2UcjjQW1dXEJCzA",1,1,1,1
"1082","R_241Mx5sHPzgwDp3",1,0,1,1
"1083","R_3paRfOzesu1JGfO",0,1,1,0
"1084","R_1lbo0Jnlhl2eCp7",0,0,1,1
"1085","R_VNYDq4qURGM4jxD",1,1,0,1
"1086","R_274fqQ2UoNFiblF",1,1,1,1
"1087","R_3lslHzNVK1J6Mq9",1,1,1,1
"1088","R_rj6R8weV3H9u2Ep",0,0,1,0
"1089","R_2Ck9x2yuCce4wqi",1,1,1,1
"1090","R_PSDxIqOcXyfiRUd",0,0,0,0
"1091","R_aiaNOmnNBQvTq5X",1,1,0,1
"1092","R_1OZHjPBlgq82REv",1,1,1,1
"1093","R_aV6gH11FdsiSGNr",1,0,1,1
"1094","R_u9THct5JcDWeflL",1,0,0,1
"1095","R_1CyfaD5NaV5e1EW",0,1,1,1
"1096","R_2YDLBJnThoxFtY9",1,0,1,1
"1097","R_2EmEiJH8RH866FK",1,0,1,1
"1098","R_2rwo4lsbbUxI3Er",1,0,1,1
"1099","R_1QElLZfmptD8d9p",1,1,1,1
"1100","R_3JrY1tMvDc13QXe",1,1,1,1
"1101","R_1FtvZLhxj7ANj28",1,0,0,0
"1102","R_2OVbIa3v7S4MhLz",0,1,1,1
"1103","R_2htjtBf1ZdHCIx3",0,0,0,NA
"1104","R_AASznlL0otzl2i5",0,0,1,1
"1105","R_1JQK7IyMOZfxJnR",1,1,0,0
"1106","R_1XtwpwPzLzFPkd3",0,0,1,1
"1107","R_3D0mLzCMCT1IFwr",1,0,1,0
"1108","R_1kLXBmWKL5i9Y0p",0,1,1,0
"1109","R_1MQYa4RI9xebcOd",1,1,1,1
"1110","R_3lWcFTB60MlPgXO",0,1,1,0
"1111","R_3p8SbEnDe2wA1Cg",1,1,0,1
"1112","R_31Af6aisvW6tg9e",1,1,0,NA
"1113","R_UuOWxhetufCuKBj",1,1,1,1
"1114","R_1LOvgHDA5hlvemu",1,1,0,0
"1115","R_3QYngUgVlzDc77S",1,0,0,1
"1116","R_1CD9sJSWN0kxFdO",0,1,1,0
"1117","R_2dAZMYVmWqCOh9Q",1,1,1,0
"1118","R_1dNCLSjrVJlAXXV",1,1,1,0
"1119","R_3lzAy93jmG3BYQk",0,1,1,0
"1120","R_wKSRexcV5g5LGcF",1,0,0,0
"1121","R_26fkQKN9wpcnHeK",0,1,1,0
"1122","R_3HpKYMF9z4k36OT",1,0,1,0
"1123","R_1CmsNbbpbs2TkFL",1,0,0,NA
"1124","R_SPJ3GegeeG053K9",0,0,1,0
"1125","R_3fBRtNTX1hXyR3P",1,0,1,0
"1126","R_3JgvUQkjkpo7RXG",1,0,1,1
"1127","R_6AxYWNrnMHAzX8J",1,1,1,1
"1128","R_1dFHqgXZ3QRtHjf",0,1,1,1
"1129","R_2xyFKyfEITuPTGt",0,0,1,1
"1130","R_0VdskW0J3F08rx7",0,1,0,1
"1131","R_1E5QmAiT0LNTRxm",1,0,1,0
"1132","R_A6xLLcH9AfJlIsh",0,0,1,0
"1133","R_1QKmUipk6hYBXmb",0,1,1,0
"1134","R_tRFaTzyO4IScV3P",0,0,1,1
"1135","R_1BQ0AhYsTm3NarX",1,0,1,0
"1136","R_xD6lXRlm473ytDH",0,0,1,0
"1137","R_1GUg8bORasdPQK2",1,1,0,1
"1138","R_1Cd7qrlHl8krfye",1,1,1,0
"1139","R_eYbVDLjBi8AGjgR",1,0,1,1
"1140","R_3qa6gajYxSZ8YXG",0,0,1,1
"1141","R_1JVcKgjbt3eGXMG",1,0,0,1
"1142","R_272IueFUnEYvCGg",1,1,1,1
"1143","R_2YlH3D5ctgnQHQo",0,0,1,1
"1144","R_2Y622NAXiYowOtq",0,0,0,0
"1145","R_2SkoNpKvNP9kfPz",1,1,1,1
"1146","R_3R3M1YnAlqBsrIG",0,1,1,0
"1147","R_1r3A3LCvtnp9K3R",0,0,1,0
"1148","R_1oFpiUwlHGyLoRY",0,1,1,1
"1149","R_3GxN044VsMIL0BG",0,1,1,0
"1150","R_78HRxxNYbLiCCwF",1,1,0,NA
"1151","R_sLvAYuwivuA8GaZ",0,1,1,0
"1152","R_1jPoCAoJbdRqMjj",0,0,0,1
"1153","R_0JtGI7rdoECmrE5",0,0,1,1
"1154","R_STV8jPD1nIOCjOV",1,0,1,0
"1155","R_25WoarBRKuDqBiV",0,1,1,0
"1156","R_PRuTw1CGRIbDj7r",0,0,1,0
"1157","R_zTZTBAhRHkXaR9L",0,1,0,0
"1158","R_3dY2DCAzwMFhHOR",0,0,1,0
"1159","R_3QDaHi5iIORjsOd",1,0,1,0
"1160","R_1LSt9oyAPPp6Fu6",0,1,1,NA
"1161","R_3kLlNOUfFP7Akuw",0,0,1,0
"1162","R_Wj0NaSxNP9OnH4B",0,1,0,NA
"1163","R_1l0pDBw3HVVgNoI",0,0,1,0
"1164","R_5pB2HtQeGv23Us1",1,1,1,1
"1165","R_1C3G6oDGrKTdMge",1,0,1,1
"1166","R_1eKkWJ5kyXirtQO",1,1,0,0
"1167","R_1GNdulD3cB72VXf",1,1,1,1
"1168","R_SP3wcpNJbg8in7j",0,0,0,0
"1169","R_1NwB9njZIsRqlGG",0,1,1,0
"1170","R_2S32xpW7aJLeIl0",0,1,1,0
"1171","R_cAB91t6Hujem5CV",0,0,1,0
"1172","R_vVMNy2RwKzFGKOt",1,0,0,0
"1173","R_2WP7gk4YeSTAJsX",1,0,1,0
"1174","R_2WJAhvIq5hHaLmm",1,1,1,1
"1175","R_3fpM55VfhJUf7mT",0,1,1,1
"1176","R_8oaZvCzZTBUzMiJ",1,1,1,1
"1177","R_3PTfI1nAO47USBU",1,0,0,1
"1178","R_11iFCPiwwJOF8Sx",0,1,1,1
"1179","R_2WYht7AlrXrCfLZ",0,0,0,NA
"1180","R_3HMuqRZ9aJr2Fz4",0,1,1,0
"1181","R_2YMyPS3DVNvImj0",1,0,0,0
"1182","R_3kHc0EGJRGUWhIT",0,0,1,1
"1183","R_cGaT8cbdvh63oHv",1,1,1,0
"1184","R_1dN3NNcxxXgYGq9",0,1,1,0
"1185","R_1OBjz9a59hYyuZo",1,0,1,1
"1186","R_1M018dTdvtwewbX",1,1,1,0
"1187","R_1I75x567303irX8",0,0,1,0
"1188","R_3NQmsIqW2NzMhna",1,1,1,1
"1189","R_1IfB4EA07Wdvb7r",1,1,0,1
"1190","R_2Yn7QYjAZ235SmM",0,0,1,0
"1191","R_7VXeeaugXRwx6pj",1,1,1,0
"1192","R_Ugsz8eFScplgGRz",0,1,1,0
"1193","R_2CrkS4c2nzDhHHT",1,0,0,0
"1194","R_3NCewc3Nq8loKj6",0,0,1,0
"1195","R_28XM7wKUa8UhjYE",0,0,0,1
"1196","R_3iL7ILRtr8GuiS7",0,0,1,0
"1197","R_4SoeN0UXJqCtkt3",0,0,0,1
"1198","R_1mDlxbNQYoyJ6l2",0,1,1,0
"1199","R_3G38N35m6gasTrx",0,0,1,0
"1200","R_3iWMFXztr5R7BDX",0,1,1,0
"1201","R_1QAc2kt5XLk8rZZ",0,1,1,1
"1202","R_2QnCivWJhw1WKWZ",0,1,1,1
"1203","R_3m2cyCcLpJ9Pqms",1,1,1,1
"1204","R_vP6ogduLjT0YBpL",0,1,0,0
"1205","R_1jCHfK22oAl5azG",0,1,1,NA
"1206","R_vPk7P6sc6SR97H3",0,1,0,0
"1207","R_1ghjRNyq9Qz0frp",0,1,1,1
"1208","R_3KoUwrlI1yMGw0z",0,0,0,1
"1209","R_OlGeFXwctM4NnoJ",0,1,1,0
"1210","R_27et78u5wFaRU8Y",1,0,1,0
"1211","R_22yRBL36TIO5dgo",0,1,1,1
"1212","R_bJgpD9xPXxdqWlP",0,0,0,0
"1213","R_3syrU4Zob5X9KhL",0,1,1,1
"1214","R_3kbNDlktnjBeqVI",0,1,1,1
"1215","R_1gp85DFKoqs4GCM",1,1,1,0
"1216","R_ene6GYMnVjnqBMt",0,0,1,1
"1217","R_3elxTqraC3NKlbh",0,1,1,0
"1218","R_1NqbdSmQgD7JGeM",1,1,0,1
"1219","R_25uT6yjGDvLXbYa",1,1,1,1
"1220","R_3ixMvLcn8WihSQ3",0,1,1,0
"1221","R_2q96Mj9GQQvEiIY",1,0,1,0
"1222","R_1MWDqOnpfLFAzsn",1,0,1,1
"1223","R_1Ltfl179JSU4749",0,1,0,0
"1224","R_2S2J8c7NX35kIUg",1,1,1,0
"1225","R_SJiJ96tJu8zItRT",0,0,1,1
"1226","R_eEiojb3rF3q27y9",0,1,1,1
"1227","R_3flMZx8uQJmrIB7",1,0,0,0
"1228","R_3Ma5VwvFEgkcS2I",1,1,0,0
"1229","R_2pWYbe4hZqEBTCp",0,0,1,1
"1230","R_25LwZwMZaGwOxLR",1,1,1,0
"1231","R_7Qy1x9Le9BBMJG1",0,0,0,0
"1232","R_2QE3MlaFZuzcQ1r",1,0,1,0
"1233","R_1K6zrciZDBVeTIV",0,0,1,0
"1234","R_3OUSyBeKPzUB3ax",1,1,1,0
"1235","R_yKg58SMK6Kicqqt",0,0,0,1
"1236","R_1lbDiJzuBZYE9br",1,1,0,1
"1237","R_2ty9cg24l39gw04",1,1,1,1
"1238","R_3dTecGYFSwdQI7c",0,1,1,0
"1239","R_3ht3iY0jQtYOBFA",0,1,1,0
"1240","R_3CGYyjgvnITkzIR",1,1,1,0
"1241","R_1laUQyfRjwrmQ95",1,0,1,1
"1242","R_2EhtJjmQ6zsTiXl",0,1,1,0
"1243","R_2ROJLa80Yfu4GEI",0,1,1,1
"1244","R_2q7qIipVuqaWP08",1,0,1,0
"1245","R_5u0HsE5dKW4cK41",1,0,1,0
"1246","R_3JfxDTdr67Pvqfz",0,1,1,0
"1247","R_3mh3Bn6DZWIUiUZ",1,1,1,1
"1248","R_1kMl0nK6IciWxC5",1,1,1,0
"1249","R_1GylOlcJP8gDlYS",0,0,0,0
"1250","R_1jO1CL6f4VJjdSp",0,0,1,0
"1251","R_2Y3ywRieUqToHJw",1,1,1,1
"1252","R_2torCOzAIibDvlC",0,1,1,0
"1253","R_1K1Pds9AdCcG9KY",1,0,1,0
"1254","R_1INqk3FiVjFp1ME",1,0,1,0
"1255","R_5pgVTlJh1Pux6x3",0,1,1,1
"1256","R_3EbEfpCiNYfjmQ1",1,0,1,0
"1257","R_2taLzGxbRzTmaQ8",0,0,1,0
"1258","R_3EjaTF9mGYA44eq",0,1,1,1
"1259","R_UybOnx31zoqxNjr",1,1,1,1
"1260","R_2dY0zxRWNLtDP4Q",1,0,1,1
"1261","R_1eQPX0Rwe6DX7jR",0,0,1,1
"1262","R_1OpFosDuRkKwa1Z",0,1,1,1
"1263","R_3QGI7VV9eoK500U",0,0,0,0
"1264","R_2U3Li8s1embHicg",0,1,0,0
"1265","R_3O2eK7s4geVzEV4",1,1,0,0
"1266","R_2SoCIH1gxIJsiVy",0,1,1,1
"1267","R_3Ok25wUpuF4R3gF",1,1,1,0
"1268","R_1eVswMulJDNaC6j",1,1,0,0
"1269","R_3HGSpyUH1KhM5b3",1,1,1,1
"1270","R_1CpTo7Z5EXL0P1N",1,0,0,0
"1271","R_1FlzJXlPBe7HXkJ",0,1,1,1
"1272","R_26eCawlWX9FtLtV",1,1,1,1
"1273","R_3R3LdR8OTkM9f8L",1,0,0,0
"1274","R_aW2j4Rm56ZtmO4h",0,0,1,NA
"1275","R_1IKQJqcILuCK7S2",1,1,0,1
"1276","R_3QPBUhDfsR17DFf",1,1,0,NA
"1277","R_6WGP1YfCgithMeB",0,0,0,1
"1278","R_By0wGEwLp0CpQFX",0,1,1,0
"1279","R_2CHfaitj7y519JH",0,0,1,0
"1280","R_3EA9AeMJKXNCE8X",0,0,1,0
"1281","R_3p5y0B9oAVr4SZs",1,1,1,1
"1282","R_26mvrq773t3t4ex",0,1,1,1
"1283","R_3NIF4aIWwsaRhky",1,0,1,0
"1284","R_3NQeOGZFxJDlrNx",1,0,1,0
"1285","R_3JwQWl0d07LfJpL",0,1,1,0
"1286","R_1dGMcW2x4cIRkOh",1,1,1,0
"1287","R_302cq4WD7ZHePaq",0,1,1,NA
"1288","R_25Lrjm88zVGWTC5",1,0,1,1
"1289","R_OcWxKZ4Bti1yLtf",1,0,1,NA
"1290","R_1l9IHGaDD77yjYX",1,1,1,NA
"1291","R_Y5NzcaguqlghNG9",0,1,1,NA
"1292","R_3elCDYdZBBb2WDx",1,0,1,1
"1293","R_1LnT5PHV9MMWv6x",1,1,1,0
"1294","R_1EbN6YmHiTHbV5c",1,0,1,NA
"1295","R_21ilhGpk9VC7klO",0,1,1,1
"1296","R_1n2PNVRfPnKzV7X",0,1,1,0
"1297","R_yrIvWMud8tBNHZT",1,1,1,1
"1298","R_1MrTQVL0QWu3Dd7",0,1,1,NA
"1299","R_3kLkf6u0idRt7KT",1,1,1,0
"1300","R_2bGFuisAFcTfnGh",0,0,1,1
"1301","R_21upajG8EdIWGpA",NA,NA,NA,NA
"1302","R_2pWCMoaArW1DguB",0,1,1,1
"1303","R_UyhzGNHc0MHHBux",0,0,1,0
"1304","R_1mI8BHiI2N0ewVK",0,1,0,0
"1305","R_27KzNorLkB4wh6N",0,1,1,0
"1306","R_2AGs7EPmVLCVHaX",1,1,1,0
"1307","R_U9F7boEvOUXCEdb",1,1,1,1
"1308","R_3DknJgv2AQWO5FA",1,0,0,0
"1309","R_UDD6oHqNttEO157",0,1,1,0
"1310","R_U9kjz98xmREg8fL",1,1,0,1
"1311","R_3mk0GdAinLu6LIt",0,1,1,1
"1312","R_zcly85qMER5Jasp",0,1,1,0
"1313","R_24LTwQCguAcJp2I",0,0,1,0
"1314","R_UoxsPL11u2NwVHP",1,0,1,1
"1315","R_3szeQaLbsW4qJaw",0,1,0,0
"1316","R_1lbNEjoU8GeXnYj",0,1,1,0
"1317","R_1n0detoCg1dbuhj",0,1,1,1
"1318","R_2xR9PNWYfQN2jLz",0,1,1,1
"1319","R_25QTuPDaE2YsH67",1,0,1,0
"1320","R_3pa4EWZAvcYdMkz",0,1,1,0
"1321","R_2wAIQdK7aqM6HsK",0,1,1,1
"1322","R_1igucJ2pp54wi9X",0,1,1,1
"1323","R_DI9HU2SVBAFR6p3",0,1,1,1
"1324","R_3j1IZ8BdZ52EEgK",1,1,1,0
"1325","R_TuRBinROM8fCkKt",0,0,1,0
"1326","R_27wArtTPmoH5faQ",0,1,1,0
"1327","R_1lhn9O5ZEkbYsqX",0,1,1,1
"1328","R_1oaOaNJ21jBHOam",0,1,1,0
"1329","R_1mOhkhZy3LhvOGS",0,1,1,0
"1330","R_3NVAO8p6msyH8mE",0,1,1,0
"1331","R_Oj1c5lsAwZcBnFf",0,1,0,1
"1332","R_6L0k7YZ0qS8HtVD",1,0,0,1
"1333","R_utfMGCrTPnKtqDv",0,1,1,1
"1334","R_3gXx9xvlX5mvNw9",1,1,1,1
"1335","R_1inhuJnJy59BazY",1,1,0,1
"1336","R_8Dqdm8OWiDEWsr7",0,0,0,0
"1337","R_1CyhYXafUoB1g5u",0,0,1,0
"1338","R_2alUNfTLyaBqKT1",0,0,0,1
"1339","R_2EgBLrUKzspIK3D",0,1,1,0
"1340","R_1QfM2NRnW7hYhaq",0,0,0,0
"1341","R_2EAl2Aog1whJAQX",0,1,1,0
"1342","R_1eOV16jS5SoSV5H",0,1,1,0
"1343","R_1i8WOKthjW57ltz",1,1,1,1
"1344","R_1LvcJFGmX9dFhF2",0,1,0,1
"1345","R_2B8nLw4vd8rbaGF",1,1,1,0
"1346","R_1dn5Ir0FCaTgr12",0,1,1,1
"1347","R_ZEjhvfTt99eJh3X",0,1,1,0
"1348","R_2dRw96urX6Jxw6n",0,1,1,0
"1349","R_2TXM1Vz2BDuX6Kr",1,0,1,0
"1350","R_0uk0R1ToHauI0ud",1,1,1,0
"1351","R_1GNNUPCLMKdcKGm",1,1,1,0
"1352","R_2zCFvXswq1mC1Vz",1,1,1,0
"1353","R_1LFZWzILzKyLPuj",1,0,0,0
"1354","R_8r0cKtxGIABdXcl",0,1,1,1
"1355","R_2PAwzq4depb3ckd",0,1,1,1
"1356","R_31GVHyzmeaVE1Ta",1,1,1,0
"1357","R_88ObIZVQ8mbuXXr",1,0,1,0
"1358","R_2t07VQOm1NsgPcL",1,0,1,1
"1359","R_2RWy5odVaNYzwts",0,1,0,1
"1360","R_1pKFH0Led6jslfP",1,0,0,0
"1361","R_27PsHiXH7TCxGrM",0,0,1,0
"1362","R_RJCPYLvYbg7yyaZ",1,0,1,1
"1363","R_2QRnUehA19ibN0Y",1,1,1,1
"1364","R_3CC78wQto0yZTKM",0,0,0,1
"1365","R_3Dcl14sEBBI1dJY",0,1,1,0
"1366","R_1mmgCjoh54DKKHr",0,0,1,1
"1367","R_3j9jcIsAKsdAPVG",1,0,0,0
"1368","R_1NsrCpBhp8qdx74",1,1,1,1
"1369","R_3LZtsK1AGbu3CCI",0,1,1,0
"1370","R_3hhwhaohS3Xlvvx",0,1,1,0
"1371","R_2XdQ5QVan0ZPgnm",0,1,0,0
"1372","R_2CqeVgzVtVpGc95",0,1,1,0
"1373","R_3e2Wr7mKrWRpU8V",0,0,0,0
"1374","R_129G4lBwTnq6hxZ",0,0,1,0
"1375","R_3HMQtw5ARA1KSlu",1,0,0,0
"1376","R_27g0Jsd3lS7DICe",0,1,1,0
"1377","R_3qEjUXCA4kfEYTI",0,0,1,0
"1378","R_2XiLUM1RGjlhcSY",1,1,1,1
"1379","R_3MaRkIYkbHPk1Aa",0,0,1,1
"1380","R_24IuRyTMIOExU4H",1,1,1,1
"1381","R_2AKySXlQTpES2SG",1,1,1,1
"1382","R_qVF3w1nbx6Wbj7b",0,0,1,0
"1383","R_1OTcLEWOrb4Xk6X",1,1,1,1
"1384","R_1ojVVBHCY6U2dXl",0,0,1,NA
"1385","R_323fEJim8jQHdSV",0,0,1,0
"1386","R_1NDNdHK62umJESh",1,0,1,NA
"1387","R_SNXbGyvwG3yqqel",1,0,0,1
"1388","R_2ahFrATgeiYNo6V",1,1,1,0
"1389","R_2q2hDiozXgFFS4J",1,0,0,1
"1390","R_ym4KwGenw7SKruh",1,1,0,0
"1391","R_10UcsD8VVtEbhFQ",1,1,1,0
"1392","R_vVwBweFH39jB4gV",0,1,1,0
"1393","R_301OYhy7yNiCRDB",0,1,0,0
"1394","R_Will3tHNAKOFSIV",0,1,1,1
"1395","R_3PGYHxc6jiGVBdo",1,1,1,0
"1396","R_1mxedTf8zisqOjD",1,1,0,0
"1397","R_1ZwfzYQ3QlvSXSN",1,1,0,1
"1398","R_2wyvpHJsZGIsg0P",0,1,1,0
"1399","R_1LOs2eGBG5MKW53",1,1,1,0
"1400","R_1ZzfGzADm1O4H7j",0,0,1,0
"1401","R_1nVHX5DxcuqbHUf",1,1,1,0
"1402","R_3iyZpivxbE893UD",1,1,0,0
"1403","R_1induyX8Phinc6z",0,1,1,0
"1404","R_2DRKntzT2nyRf0R",0,1,1,0
"1405","R_2PkaBUtU1MmL5ev",0,1,1,0
"1406","R_3emNSCewMIBLnR3",0,0,1,0
"1407","R_2X4zx5Y18rzv2iQ",0,1,1,0
"1408","R_2XcBYqinBVmm173",1,1,1,1
"1409","R_2tgUpVtAcBXYk59",1,0,1,0
"1410","R_3MleU48escEzNnu",0,1,1,1
"1411","R_0UJwj7q30kRmGcx",1,0,1,0
"1412","R_3dFCzlujCIBRjVh",1,0,0,0
"1413","R_Z3pXbWx2mcYF3MJ",1,0,1,0
"1414","R_DdVNIqN9XJDCw3T",0,1,1,1
"1415","R_3qfJMmlFjZKyXzP",0,0,0,0
"1416","R_265BiE4SBAK0TJP",0,1,1,0
"1417","R_1dirDgyGH5OBbWR",0,1,1,0
"1418","R_pFeUH2G0LCdg18d",1,0,1,NA
"1419","R_3svlhPLKyxZMLXW",1,0,0,0
"1420","R_25SYGBgF4cLiSZ3",1,1,1,1
"1421","R_2zUqfOw0PJ1gQRT",1,0,1,1
"1422","R_2rq5avyeIh45GWI",0,1,1,0
"1423","R_1QFcgN39Y7e2Htp",0,1,1,0
"1424","R_3hAbapI3DY83VUq",1,1,0,1
"1425","R_eKFXq3lpoCFcBjP",1,0,1,1
"1426","R_BsSOhl8Dyioh0DD",0,1,0,0
"1427","R_1C9MX1fXBSYdKzZ",1,0,1,0
"1428","R_3oTU31sTB6qouJS",1,1,1,0
"1429","R_2rMjU5WQ7RYCobl",1,1,1,0
"1430","R_12hVmRie4pGEdKD",1,0,1,1
"1431","R_1dz57tainrhpvwS",1,0,0,0
"1432","R_1r7evVf9oAjNZ41",0,1,1,1
"1433","R_2VOrlpNLuqZaAzi",0,1,1,1
"1434","R_2c7tcjzsyhoxy0B",0,1,1,1
"1435","R_3KOwZCdPV9fEZ73",1,1,1,0
"1436","R_3UGrXYJqUfp0S7n",0,1,1,1
"1437","R_1QLCv6ZxnKAiqMA",0,1,1,0
"1438","R_27vPlB1ZorbWKN8",0,0,0,1
"1439","R_AsXv2LKIuBiBvB7",0,0,1,0
"1440","R_3jYye5LLHta8nq6",0,1,1,1
"1441","R_3LbYz4FTgJ74l01",1,1,1,1
"1442","R_9z7ogOZ4c8Vatj3",0,1,1,0
"1443","R_27vTNKmeSCF0bIn",0,1,1,0
"1444","R_2TF6YPVHIRBOFpH",1,1,0,1
"1445","R_3dWgzYNOGDH2Ber",1,1,1,1
"1446","R_SJKIFSHisS89HtD",1,1,1,0
"1447","R_xo2lGC9MOYQSpm9",1,0,1,1
"1448","R_poTZvh3CcRjkaSB",0,0,1,0
"1449","R_6lrKIa2u7Bb2LEB",1,0,1,1
"1450","R_2rhW2PPXPA11AYW",1,1,0,1
"1451","R_3M5auQlmQ04CY9S",1,0,1,1
"1452","R_1BXirlqjjXw5o6i",1,0,1,0
"1453","R_2rq243iYmFOv9w0",0,1,1,1
"1454","R_1Ld3eMX41V19d51",1,0,1,0
"1455","R_2rwqO0CltOcLXRZ",0,1,1,0
"1456","R_1C1krhAboIQztaP",1,1,1,1
"1457","R_3Rq3WrViYvY9pdp",0,0,1,0
"1458","R_pmGf8x7pZ2ahAd3",0,0,1,1
"1459","R_ANJxQ7fX2gW9nzz",0,1,1,0
"1460","R_1oHlAcDflYiyS7e",1,0,1,1
"1461","R_eu3duZTchzG5X0d",1,1,1,0
"1462","R_2xz45FEXVOSF3tK",0,1,1,0
"1463","R_2dDOazEm4s0cvc9",0,1,1,0
"1464","R_3HFSL99RTubCkdf",1,1,0,NA
"1465","R_3lPxiQNXQvm2i5U",0,1,1,0
"1466","R_9nu74advwOxDuYV",1,0,1,NA
"1467","R_1d6rpYvsBHEiarQ",0,1,1,0
"1468","R_3rHrSlhbHK79t6e",1,0,1,NA
"1469","R_2Y5RXJJxD2u9MLS",0,1,1,0
"1470","R_1Nncz5Dc8Uy45lx",1,1,1,0
"1471","R_2c0nDmVsC3hrfzR",1,0,1,1
"1472","R_z7EO704AdhknqKt",1,1,1,1
"1473","R_8pNCAhzNN7kdjlT",1,1,1,1
"1474","R_3nIBNBRQmmQhqNG",1,0,1,1
"1475","R_3p9KNHF3flLQOyK",1,0,0,1
"1476","R_2xVL55zlpJ9XHDA",0,1,1,NA
"1477","R_1NmiYuHTj6zP93Y",0,1,0,0
"1478","R_bxzxsb5CVN5WBFL",0,0,0,0
"1479","R_3fT4bxC41sMMZdH",0,0,1,0
"1480","R_3Ko1L2DJffbmAmd",1,1,1,NA
"1481","R_1LzpK4sFSx115h8",0,1,1,1
"1482","R_SAwet5rgdGyCvbX",0,0,0,1
"1483","R_3iFstO5xd1Lw3SU",1,1,0,0
"1484","R_9HK0SlJok8aDEGt",0,0,0,0
"1485","R_PAFnc9VtijNpugh",0,1,1,1
"1486","R_1QtQhGOVJLhiP7P",0,0,1,0
"1487","R_3KrRJsKVuKAeDiG",0,1,1,0
"1488","R_OkH7oxiv3LK6SL7",1,1,1,1
"1489","R_3IT7ue92c9vfhcX",1,1,1,0
"1490","R_27moRzlBSqhYdzo",0,1,1,1
"1491","R_3oZ7MWZflNok1Jr",0,0,1,1
"1492","R_1FnedTNZqSllkDK",0,0,1,0
"1493","R_3rUpxeFFXKaBMSJ",1,0,1,1
"1494","R_2fljtuGdvzF8EIS",0,0,0,0
"1495","R_BXNq7wYledAhITT",1,1,1,1
"1496","R_z0fcgCXIgmG4OIx",1,0,0,NA
"1497","R_2RWVBsq6gO2KhcH",0,1,1,0
"1498","R_3fHOa1ThzgRMkVS",1,1,1,0
"1499","R_1Ldik9gLKfHURSy",0,0,1,NA
"1500","R_1PZDcdOrIDMIq3i",0,0,1,1
"1501","R_z7uzr8d5vwwTApH",0,0,1,0
"1502","R_1Fm1Jn512d5Q89v",1,0,1,1
"1503","R_1DUcbvlorTGGspx",0,1,1,1
"1504","R_2XpKSwJdiWwH02S",1,1,1,1
"1505","R_R4ug1k3nRq3cNC9",0,1,1,1
"1506","R_3irGS3znir3GMIW",0,1,1,1
"1507","R_1ig7x27WYMcqazk",0,0,1,0
"1508","R_2wKwbUqPVeARGSV",0,1,1,0
"1509","R_2y1KrrpZ7MnNF0k",1,0,1,0
"1510","R_3245J3di8Ey0pMD",0,0,1,0
"1511","R_79WIvedUL3Ey0Hn",1,0,1,0
"1512","R_eg1iWDsRbRFmCxX",0,1,1,1
"1513","R_2uJVaoz63laKHOX",1,1,1,1
"1514","R_AuOj9HawlS0wAy5",0,0,1,1
"1515","R_2bUFeIzUK1sy0N2",0,1,1,0
"1516","R_2XbWaaEHOIQyapj",1,1,1,1
"1517","R_3lLxIThb1qyxYaC",1,0,1,0
"1518","R_DBSIlUkkXUFONnX",0,0,0,0
"1519","R_2xJf7MjE8X4AhcS",1,0,1,0
"1520","R_2fImas7Qwwjp4tE",1,0,1,0
"1521","R_2am2Fx73HO2QDpO",0,1,1,1
"1522","R_1PaVMAbjNev60uu",1,1,1,0
"1523","R_3itn9ud0dVblCyC",1,0,1,0
"1524","R_1giPg2N66VCIzEP",0,0,1,0
"1525","R_31AYdJJ0pAwN7dQ",0,1,1,0
"1526","R_3psC3wTkDcfCS9A",0,0,1,0
"1527","R_50BeK7DpsS2C7ex",0,0,0,0
"1528","R_0U7RAfTYihBhaVP",1,0,0,0
"1529","R_wMIWWrWPq7G5K8h",1,0,1,0
"1530","R_1l9moRSppAEH9Jz",0,0,1,0
"1531","R_3qWgpUqqMJp3DS5",0,1,1,0
"1532","R_1g2dbrV1RA2bsb0",0,0,0,1
"1533","R_3fJgWYzWloabxPL",1,1,1,1
"1534","R_Y3bzmfaXjg9Ci5P",1,0,0,NA
"1535","R_1CvlyI3s2Jq8GkM",0,0,1,0
"1536","R_3IXM2pzuc19IhMK",0,1,1,0
"1537","R_3pap31hD3q04dCb",1,1,0,0
"1538","R_vYTQAL3z2uIFABj",1,0,0,0
"1539","R_sKW3lrhjvWiTfYB",0,1,0,1
"1540","R_2VQrlcsTtN4cTJX",0,0,1,NA
"1541","R_SWeoYpsOhuaPHcR",0,1,0,1
"1542","R_24ozjzS4brhsdEG",0,1,1,0
"1543","R_2TZCd1J57UiGBe1",1,1,1,0
"1544","R_1NEoc4uv2beVVvB",1,1,0,0
"1545","R_By9jojqJ2JpX0SB",1,0,0,0
"1546","R_261ultyzzoLASCR",0,1,1,1
"1547","R_3CW8mhhhWsTMj2Y",1,0,0,1
"1548","R_3enbpPMwObRwXR9",1,1,1,0
"1549","R_2thTZrl1u18sdPA",1,0,0,0
"1550","R_1M538aMpXRm2xg8",0,0,1,0
"1551","R_24jUAeffIlPYK9B",0,0,1,1
"1552","R_3KGzUA9q6csz1G8",1,0,1,1
"1553","R_PSAk01hkQYNxXR7",1,1,0,1
"1554","R_2wSKcy9jbSVj7z3",1,0,0,0
"1555","R_3Oi7fP61DjSw6bo",0,1,1,0
"1556","R_OJRgWFujvRFl4nD",1,0,0,1
"1557","R_2BbtxSBAqPuQMo9",0,1,1,1
"1558","R_2s0cgSoNrje0tCc",0,0,1,1
"1559","R_1Ks5MQ0fZULjeDC",1,1,1,1
"1560","R_0MKZbUr5PNrtK2R",0,0,1,1
"1561","R_32SlXL3lTu7QtzC",0,0,1,0
"1562","R_3L8dRFBpImJRSkD",1,1,1,1
"1563","R_1cYNf0hPDfo7DPF",0,1,1,1
"1564","R_0k5QbNJ541VOIOB",1,1,1,1
"1565","R_2a8kb1U59WfMCRm",1,0,1,1
"1566","R_2TvjJzvoQoOslcG",0,1,1,0
"1567","R_2D6cg0aM7IGbc5Q",1,0,1,NA
"1568","R_3DjyL7SsHZi1s3Y",1,1,1,1
"1569","R_wXVQTviSgJDiUG5",0,1,1,0
"1570","R_21tQz0FyjOwxulk",1,0,1,1
"1571","R_rlPzYnYgzLvGdeV",1,0,1,0
"1572","R_32Q5c5N5m5QOaSw",1,1,1,1
"1573","R_2Ev1skPCbrXQaNf",0,1,1,0
"1574","R_2WuT9d9aEtOAJE3",1,1,1,1
"1575","R_2Cvn0sTmGyq8Os2",0,1,1,1
"1576","R_2BhsFhhm2QDHj9R",1,0,0,0
"1577","R_2ci5NmVN58Ex8MW",0,0,1,0
"1578","R_6fbQZ3wjHxH9NoR",1,0,1,0
"1579","R_WrOodbAoB7hEi7D",1,1,1,0
"1580","R_TqjDhKrGP4kdVyp",1,1,1,0
"1581","R_PG4V48wZAmeFLpL",1,1,1,0
"1582","R_2eQLjrKRybzgMFQ",1,0,0,1
"1583","R_2z8EjydKs9sivKn",0,1,1,1
"1584","R_3LYciQu7peGdjmF",0,0,1,NA
"1585","R_vCPLJXrDeKKq3F7",1,1,1,0
"1586","R_3F4BHEMPzV5UXZz",1,0,1,1
"1587","R_30u8kDaNOQ2yUWp",1,1,1,0
"1588","R_32XRMXrGPFNrezI",1,0,1,0
"1589","R_1hX5YFUVmZLrpor",1,0,1,1
"1590","R_DjfiWfB9ybBcChb",1,0,1,0
"1591","R_33joT4eD0DzalDT",0,1,1,0
"1592","R_12cgIGl35xDAICR",0,0,1,1
"1593","R_1QH13dNME5FGAoX",1,1,0,0
"1594","R_1OhtzH2kRrUWvSN",1,0,1,0
"1595","R_0dNtuDiL4KR3pZL",1,1,1,1
"1596","R_3hbcbdeasWTBY8p",0,0,1,0
"1597","R_2YgDHSV02TgLTFM",1,1,0,0
"1598","R_1Qu51UMtRWjSz1T",0,0,1,NA
"1599","R_1GxZpUSWnmXsgBA",1,0,1,1
"1600","R_3rZAIkKrDPOc9UN",0,1,1,0
"1601","R_1Nbu8iUonPkMf0N",1,0,0,0
"1602","R_x56wG5yLRecYZuV",1,1,1,1
"1603","R_3kzI7KzHZcQ4ewR",1,1,1,1
"1604","R_1GOBEXq5OGHBd2p",0,1,1,1
"1605","R_26l1uMot4FXjDhh",1,0,1,0
"1606","R_1ikWLKQyBl64KSa",0,1,1,0
"1607","R_1FzIoSkNIwSdwgV",1,0,0,0
"1608","R_28MOQJcx7Bz9xuc",1,1,1,1
"1609","R_3IVPnFda1nAdppc",1,1,1,1
"1610","R_1EheMv0ZnNugl9o",1,0,0,1
"1611","R_1Oox7tZeu1l0L9k",0,1,1,0
"1612","R_3KMxQXCp6LwABJA",0,1,1,1
"1613","R_9GmBXpW0f4qORBT",1,1,1,0
"1614","R_1jcTyupQ1A4wj1Z",0,0,0,0
"1615","R_2PtGbqZECx75AAO",1,1,1,1
"1616","R_29ueWczT9K5rLE4",1,1,1,0
"1617","R_1NkmEx7Ye4TNHDk",1,1,1,0
"1618","R_1kRlMr7V9wRKDZw",0,0,1,0
"1619","R_cwjST2iuohB3Pqx",0,1,1,0
"1620","R_2rSIFEvRAzRebWY",0,0,1,0
"1621","R_2CwcpbwpQr2oFpp",0,0,1,1
"1622","R_2tEefdLRZwAhsX0",1,1,1,0
"1623","R_3QXZeSt7osAUMMN",0,0,1,0
"1624","R_yU7PmHmAfgG9EiZ",1,1,1,0
"1625","R_20TzOaPM4xIjJiH",0,1,0,1
"1626","R_2taHzP0P2CTv6QS",0,1,1,0
"1627","R_31vCzzt0muprkQ4",1,0,1,NA
"1628","R_NXONxRUIn4GU94l",0,1,1,0
"1629","R_z99YcGqvVk3oBRT",1,1,0,0
"1630","R_3JIVZN9gh40FPMl",1,0,1,0
"1631","R_3EMfhGJbbqRIGS2",0,1,1,0
"1632","R_2vcckZ2kP9QfXyT",1,1,1,1
"1633","R_2CE7RtS8IdoAMSP",1,1,1,1
"1634","R_1QmyjsThr5ronk3",1,1,0,1
"1635","R_1dzWTGzfDwmbLMa",1,0,1,1
"1636","R_1OH5G2GbRwqtNme",1,1,1,1
"1637","R_2txqADlPD3d4iLW",1,1,1,0
"1638","R_22QYRwFueRXiGpp",1,0,1,1
"1639","R_R8OfToNQ4LPXUkx",1,1,0,1
"1640","R_3gR5wKWTEV4JAuT",1,1,1,1
"1641","R_RP2pY26UzSijer7",0,0,1,1
"1642","R_7Xa3qDCuHChTBL3",0,1,1,0
"1643","R_1FziwNUiSfDEzo6",1,1,1,0
"1644","R_1QyiQbsWqrK2PNB",1,1,1,1
"1645","R_21zl9BkgkSyxtXB",1,1,1,0
"1646","R_3EsqcRBphGa8XqV",1,0,1,0
"1647","R_3PRDQeUXiljMuJ6",1,0,1,0
"1648","R_2w04eeMou4esQta",1,0,1,0
"1649","R_6PXYi2q4gEi7Hfr",1,0,0,0
"1650","R_1LHk5WQ4pa4824q",1,0,1,0
"1651","R_1eRBzEGJRXlUMha",0,0,1,0
"1652","R_0GnTzjrog4Z6B2x",1,0,1,0
"1653","R_2sWPSrb6R5HwADH",1,0,1,0
"1654","R_1QrBHFwdvsJeGGt",0,1,1,1
"1655","R_3qKALP64m2zhHq8",1,1,0,1
"1656","R_OjNuw9HL0Js8M0N",0,1,1,0
"1657","R_Raf7JjyKaIDM8Kt",0,1,0,1
"1658","R_3PTuIWCouW6MBle",0,1,1,0
"1659","R_DCyvpwhXTUQu7Yt",1,1,1,0
"1660","R_p0D1J853toItfPz",1,0,0,0
"1661","R_237XrT9PjjupCjW",1,1,1,1
"1662","R_72mLjavjH31pxQd",1,1,0,1
"1663","R_3lS4YIcJEdmv4AX",1,0,1,1
"1664","R_1n8CvaSinxbd5AA",0,1,1,1
"1665","R_1f90Yx2R4AeyM0u",0,1,1,0
"1666","R_1plLz5E1p7vRLZl",0,0,1,0
"1667","R_1fm7rWXiSg13LdH",1,0,0,1
"1668","R_3pr6t39zSAq2kW0",1,1,1,1
"1669","R_1eVrfGN7lCuDga8",1,1,0,1
"1670","R_22QsauGKv3ROmDM",0,1,0,0
"1671","R_3k04C5E3dPc7F55",0,0,1,0
"1672","R_yTKjmLnw2Qo718l",0,0,1,0
"1673","R_r7sZIh9geIa496V",1,1,1,0
"1674","R_1dmLqN5guyvAmwH",1,1,1,0
"1675","R_2fkOnBRCV91rQwh",0,0,1,0
"1676","R_8nThFKSyhPtTppr",1,1,1,1
"1677","R_2QMUIfy7pRIfOBt",0,0,1,0
"1678","R_2as0K9TsFemGYAb",0,1,1,0
"1679","R_3PnShrE6UUVKpNi",1,0,1,1
"1680","R_OliIc4uC92W6AKJ",0,1,0,0
"1681","R_3DnZLijUvLlyoJU",1,1,1,0
"1682","R_1DCj81LEEolVRza",0,1,1,1
"1683","R_3rJbksjomFcbYQc",0,1,1,0
"1684","R_1ES6gcpFEadvnZn",0,0,1,1
"1685","R_3Lj1MaVfVs4ZvnF",1,1,1,1
"1686","R_3eskqBahBOcmtZm",1,1,1,0
"1687","R_3NPzxTvwG2kCnAx",0,0,0,0
"1688","R_2eVybs5FiX18Gcy",0,1,1,1
"1689","R_2VDsCwJbGn0O0lF",1,0,0,1
"1690","R_1DYjo2JbxRjDpdc",0,1,1,NA
"1691","R_ymVzCFkiDnqhNHH",1,0,0,0
"1692","R_p0NUVok3ySHmonv",1,0,0,0
"1693","R_3Hj1O2rldHdiB7j",1,0,1,1
"1694","R_bKRH3m6ba1qZc2d",0,1,1,0
"1695","R_2fANH50VbXgc3lB",1,1,0,1
"1696","R_2v8QoAE4BeL1wa8",1,1,1,1
"1697","R_2DYRQ3ojot1RvGW",0,1,1,1
"1698","R_10uvcf9AZ4EcaUu",1,1,1,1
"1699","R_1iloFyEakQT3SSk",1,0,0,1
"1700","R_3LiJhcg6FTnTIqm",0,1,1,1
"1701","R_3rP9j7P6mH3Y8cK",1,0,0,0
"1702","R_3nVmh0ZV0OmhhOt",0,1,1,0
"1703","R_3gbTWHMWRDomSKB",0,0,0,NA
"1704","R_1gTlhr2YwExhtzv",1,1,0,1
"1705","R_1gbyK25tU2qmPA2",0,1,1,1
"1706","R_3lQAWb0NN7xvLy0",0,0,1,NA
"1707","R_3nMhBN6PVP52Di6",1,1,0,1
"1708","R_2yeeOd49VcSWzqM",0,0,1,1
"1709","R_1gj8oBSwF7ASU27",1,0,1,0
"1710","R_2TF5LnB1xZjxKzr",1,1,0,1
"1711","R_A0udsGhvD0oOs2R",1,1,1,1
"1712","R_1Le99dWY4dkyA1L",1,0,1,0
"1713","R_2zYKmppQwsH9ciO",0,0,1,0
"1714","R_3Pog7XD5zg7FWtu",0,0,1,0
"1715","R_9HatknOgiUpf3nr",1,1,0,1
"1716","R_25swy2dQg4iuAWo",0,1,1,0
"1717","R_WlHEMKXXiRi5I9r",1,0,0,0
"1718","R_1MKFlwnNJLGK8oh",1,1,1,1
"1719","R_12DqbXo9htAwQhu",1,0,1,0
"1720","R_1nSHCYATvRVluCf",0,0,1,0
"1721","R_x4p58Ne76ZozJZf",0,1,1,1
"1722","R_3lEcqp6MZZYMRlT",0,0,1,0
"1723","R_2rwkMwJNrdM5uGL",1,1,1,0
"1724","R_20Ps24EG18TuPRi",0,0,1,1
"1725","R_2V4m9PPOUDHKzIq",1,0,1,0
"1726","R_2EivHk8694wAbx5",0,1,1,0
"1727","R_AzeW82PEQKA4N8Z",0,1,1,0
"1728","R_1N48Ir7gsPX00CX",0,0,1,0
"1729","R_27DzBxzU0CX9SNm",1,1,1,0
"1730","R_31sYbX73VZrCjEa",1,1,1,1
"1731","R_2D04QuM0Ezvy1cO",1,0,0,0
"1732","R_1H6KfR7PnxBcovf",1,0,1,1
"1733","R_3qQAFHnJ2xUhhVf",1,1,1,0
"1734","R_1rB8QraROmbMPyS",1,1,0,0
"1735","R_24xc7mKBou2VakV",0,1,1,NA
"1736","R_20V751AxnKuR9cs",0,1,1,0
"1737","R_WBAnvNOzfODpZE5",0,0,1,0
"1738","R_3Mbbif3nzMPj89l",0,1,1,1
"1739","R_3mjBvZH1eURopMa",1,1,1,1
"1740","R_2QJVDKOlwPdBMjg",0,0,1,1
"1741","R_2dphlnTlUFQE1IT",1,0,0,0
"1742","R_XtXkbQnS3v8X6vL",1,0,0,1
"1743","R_25KMES2bMa3TCkQ",1,0,1,0
"1744","R_1F9ZurlnXvcv0IF",0,1,1,0
"1745","R_tPXSP9lENj5ejGp",1,0,0,1
"1746","R_vNu1UeuxIIku3gl",0,0,1,1
"1747","R_pQqZQKfJpRpXlWp",1,0,1,0
"1748","R_4108LIHPvM96DWZ",0,1,1,0
"1749","R_2xRIkHebMx8VWkN",0,1,0,0
"1750","R_vjJHvSNzK0FwCd3",0,1,1,1
"1751","R_2X0ek6xAJCxVJWm",1,1,1,0
"1752","R_2CCDFELOCZbopLF",1,1,1,0
"1753","R_1gwlO0sg5qpNrHP",1,0,1,0
"1754","R_1kFZgaeQg3ZV7DK",1,0,1,0
"1755","R_1mKMC8WMCjKrJLC",1,1,1,0
"1756","R_2X6fyd2v8ZtGgSb",1,1,1,1
"1757","R_2AXq5pc2Q2hOpcG",0,1,1,0
"1758","R_3J4s9vo761xyx20",0,1,1,1
"1759","R_3huLMLU17MEykGn",1,0,1,0
"1760","R_z07Cu5eGSWLHT2x",0,0,1,1
"1761","R_1IMMObpcuSqWjI1",1,0,1,0
"1762","R_1hE8MSEGn46l3RT",0,1,1,0
"1763","R_1riQWkGudY0D99L",1,1,1,1
"1764","R_3kB9o1EN6TZ7eC6",1,0,1,0
"1765","R_vofiFrPD2O5EUaR",1,1,1,1
"1766","R_1d6L7f26JhiHAKz",0,1,1,1
"1767","R_3q8LOCx5FPRt0Qc",0,0,1,1
"1768","R_2Swtr02X31lXTpj",1,0,0,0
"1769","R_1ieprsoUbsdFZhv",1,1,1,1
"1770","R_3D6kTQbN229z7US",1,0,1,0
"1771","R_2RQD4IOdsKmHtla",0,1,1,0
"1772","R_dhcCNdmM7oqTcHf",1,0,0,0
"1773","R_SJLFXzq4DyKziUN",1,1,0,1
"1774","R_8HMIbhFyPV5gRJD",1,0,1,1
"1775","R_WDq3BKkTiMMeEWl",1,0,1,1
"1776","R_2RQgE5e3KagdpK0",0,0,1,0
"1777","R_1eLB3gLZoWyDjkV",1,0,1,0
"1778","R_2WS6PibwFFitx4R",1,1,1,0
"1779","R_27d0RKinYPEC9kh",1,0,0,1
"1780","R_1MRsYzaSSWmufRC",1,0,0,0
"1781","R_1g2rKydPPEIk5gV",1,1,0,0
"1782","R_3h0IFhEs8NKF7BR",0,0,1,0
"1783","R_10IaUz8cFPXgAV6",0,1,0,0
"1784","R_6DL8iCFLwfJI6d3",1,1,0,0
"1785","R_dgvmLh7eujubbuV",1,0,0,1
"1786","R_8BNjgm99iW1R6kV",0,0,1,0
"1787","R_3PzQsTm0eNwpQEP",0,0,1,1
"1788","R_TgUzeAZpX59vqjn",0,0,1,1
"1789","R_vu8YcBcTa56Qwb7",0,1,1,0
"1790","R_3kiDQLoirEgLrb6",0,0,1,0
"1791","R_6X8Q6sCI5ZtV3Q5",1,0,1,0
"1792","R_CdDtHOEvH1eNFC1",1,1,1,1
"1793","R_Td4eGlYdjjmNiud",1,1,1,0
"1794","R_7O4Xob3RIZ2cOop",0,1,1,0
"1795","R_1QFR98PqBmx968A",1,1,1,0
"1796","R_2YQESrUX3AoLzuD",0,0,1,1
"1797","R_9og96k84LrZUMlb",1,0,0,1
"1798","R_3EoEmIxAN6srG2X",0,0,1,1
"1799","R_3F265GQGPJlm50k",0,0,1,1
"1800","R_8cQas3pcy78CPHH",0,1,1,1
"1801","R_21hbwXfSkKgrgUj",1,1,1,1
"1802","R_1mloWDoRst2ryjP",0,0,1,0
"1803","R_1C9DMg6qA5zurL6",1,1,1,0
"1804","R_3rPyniUNjbFJyrN",0,1,1,0
"1805","R_2QDwosNmSyrRtcH",1,0,0,0
"1806","R_28HejmE3q1xJSOG",0,0,1,1
"1807","R_2e3b99M8DhnZZtx",1,0,0,0
"1808","R_1FQfepTKUYzYxVW",1,0,1,1
"1809","R_2dF8d2HojrpNXIK",0,1,0,0
"1810","R_pL7gRttqx6iRhcJ",0,0,0,1
"1811","R_2hP6x7Z1mvMjwWZ",0,1,1,0
"1812","R_DwUSIQzROxLEm5P",1,1,1,0
"1813","R_riGkEGc4aSwaDu1",0,0,1,1
"1814","R_1jTXkpx7vQmXJ7h",1,1,1,0
"1815","R_1F3WSFfVIyB79r3",1,1,0,0
"1816","R_6WPUhFMeCshfmCJ",0,1,1,0
"1817","R_3huRKykcvu6V0K3",1,0,0,0
"1818","R_1qU0S9AKgO0kDNs",1,0,1,1
"1819","R_3dXp22wEUV5hUGY",1,0,1,1
"1820","R_SBMUkW8kqUqZ601",1,1,1,0
"1821","R_1i2Os0cyPnPchKz",1,1,1,0
"1822","R_0cC7zCzLTVAiHZf",0,0,0,1
"1823","R_3qVDI4XtH4Dx3md",0,1,1,0
"1824","R_3iWJMjeuElXCva7",1,0,0,0
"1825","R_1exANVP6NMVmJG1",1,1,1,0
"1826","R_saPjf7cO27npRpD",0,1,1,0
"1827","R_2B5xGp7z9QyW0FE",0,0,0,0
"1828","R_2rN4rjUz0XUS4ML",1,1,0,0
"1829","R_2D7zp07Ht24qqaZ",0,0,0,0
"1830","R_6sZDHBFJUC9S0ff",0,0,1,0
"1831","R_2gFqQLbCodj72Nj",1,0,0,1
"1832","R_1QatWC0aYnay1yp",1,1,1,0
"1833","R_1kOlZgbImiT2TfB",1,0,1,1
"1834","R_3mml7r6MXZcjWru",0,1,1,1
"1835","R_3hDqH4Cgk1BRiwu",0,0,1,NA
"1836","R_2vYN5eLtRaiJNDv",1,1,0,0
"1837","R_2bW2BIDrJuX1OGP",1,0,1,1
"1838","R_1isnVqUiiU49M7f",1,1,1,1
"1839","R_1mK42omnzyHOQQu",0,0,1,0
"1840","R_1otG5sndRzsbNay",1,1,1,0
"1841","R_D5BnLRkGrdsxULT",0,1,1,0
"1842","R_roTvYf1VJvanRvP",0,1,1,0
"1843","R_1BW1zs0qKuLNQfJ",1,1,1,0
"1844","R_8IX1dVk2Yr1HCdX",1,1,0,0
"1845","R_YXLsa3L7uyD7GMh",0,0,1,0
"1846","R_0weJyLFO2mfrBVn",1,1,1,0
"1847","R_2zNKuXR5DyXk9Ws",0,1,1,1
"1848","R_CeOoS7WoESITEyJ",0,0,1,0
"1849","R_A68OfWstgegvYzv",1,1,1,0
"1850","R_3PnqKA2GhD5GJp0",0,0,0,0
"1851","R_Dq4zUrFxV6saS09",1,1,0,0
"1852","R_1jK8f0j7a6ZgGKx",0,1,1,0
"1853","R_2Tq0a4JJm2ihm3j",0,1,1,0
"1854","R_2YDKpnqi0oQAsf9",1,0,1,0
"1855","R_zc14LXCySyQZABP",1,0,1,1
"1856","R_33qiwxkL6BAUAKP",1,0,1,0
"1857","R_20Utn153I3LeTg0",0,1,1,0
"1858","R_pFMhoGvc79qWQW5",1,0,0,1
"1859","R_3jd1DBUaCpbFcvr",0,0,1,0
"1860","R_2E4AbSnNuhqxxbO",1,0,1,0
"1861","R_3MhsDy9vU70SBVX",1,1,1,0
"1862","R_3DcDuZgKVKbSCT2",0,0,1,0
"1863","R_3PwbMHHgowV3Sv6",1,0,0,0
"1864","R_2rkXxU2ZC2RGKUG",1,0,1,NA
"1865","R_1roAv1KyxpxjrND",1,1,1,1
"1866","R_O0sfUSSHF312zPb",1,0,0,0
"1867","R_3e2JLefFdkgHOv9",0,0,1,0
"1868","R_3s0U9bFbVbY3oRd",0,0,1,0
"1869","R_2zZQQ9rJWa1MMgh",1,1,0,0
"1870","R_2rSztVK2NrcgyVU",1,0,1,0
"1871","R_29oDsEj5nLtRBRn",1,0,1,0
"1872","R_1rrcCmFQrIt54Xy",0,0,1,1
"1873","R_2E12IdDbfT9w4Ty",1,1,1,0
"1874","R_PzV7EJGm8PsLrcl",0,1,1,1
"1875","R_3Ld981IYXQP65Di",0,0,1,0
"1876","R_233OXc7rXSdDPze",0,0,1,1
"1877","R_pc2gE7kbYye719T",1,0,0,1
"1878","R_OJNRilDiXt48Tm1",1,1,1,NA
"1879","R_afMesk0Uarzxr6F",0,0,1,1
"1880","R_1HkKEawWcNaLPkQ",1,1,1,0
"1881","R_2xWW05gtqzLKp89",1,1,0,0
"1882","R_2dzRaFHIA7wCGr0",1,1,1,1
"1883","R_2PoLQGUcHXfAnVi",0,1,1,1
"1884","R_3PAFWopDeEzB0Uu",0,0,1,0
"1885","R_0wHQgV7FOoNaBNv",0,0,1,0
"1886","R_3kOkRLsNawZRRMi",0,0,0,1
"1887","R_1H7WLF9ilTr4rZW",1,0,1,1
"1888","R_1QGeuXiBGnwOxqk",0,0,1,1
"1889","R_2WOtoAfwL3ofrXc",0,0,0,0
"1890","R_3qrpgbuQEW2acJO",0,0,1,0
"1891","R_Dq0obq0X4qZj3Al",1,0,0,1
"1892","R_3G2pBnLKEaSCr4w",1,0,1,0
"1893","R_dn88MjfK80Oat8t",1,0,1,1
"1894","R_25FmJX1HTbwoWzZ",1,0,1,1
"1895","R_1K2Vn0rjZas5znK",1,1,1,0
"1896","R_sSgtnPIzEKqyJKF",1,1,1,1
"1897","R_3RvJ9lWQiex2ncK",0,1,1,0
"1898","R_1eyQe61ezESo2J5",1,0,1,0
"1899","R_XYVPSYa3EWKIYj7",0,0,0,0
"1900","R_1esk2wlbxF684Uc",0,0,1,0
"1901","R_OP9dRu4BIfvqHst",1,1,1,1
"1902","R_1DzF4pWk1JRoJSO",1,1,1,0
"1903","R_1QMzkDolPg8SFCx",1,1,1,0
"1904","R_3MtyHQ1l5PdL6ue",0,0,1,1
"1905","R_3Nz8FXstRWBuKkt",0,1,1,1
"1906","R_2dW6bRnP3aLGgGC",1,1,1,0
"1907","R_3Jg5qvIGexT7abH",0,0,1,1
"1908","R_3QKRGPE1sUpugwH",0,0,1,0
"1909","R_3knbveigX8moTx1",1,1,1,1
"1910","R_3IWEv2IzNKttOz0",1,0,1,0
"1911","R_3DwGGyYXsKv2dyi",0,1,1,1
"1912","R_2fxF0uXJxR5DoHf",0,1,1,0
"1913","R_2eXxvxCuKCLnRfM",0,0,1,0
"1914","R_1K9AllWGJibTicH",1,0,0,0
"1915","R_1hEAJFvKuK9v700",1,0,0,0
"1916","R_2xOZbIdEWoNR0Br",1,0,1,0
"1917","R_1IRYV07BdxA4SvN",0,1,1,0
"1918","R_2P5wXAZT3SXcSoK",1,0,1,0
"1919","R_Thir9KL9tSZvJMB",1,0,1,1
"1920","R_2B9i7JBCkGQKOg3",1,0,1,0
"1921","R_dhEwCzLZM5ZJxv3",0,1,1,0
"1922","R_2dzjB8za2pEIZdc",1,1,0,1
"1923","R_2tfKpqnHyDuV1Ct",1,0,1,1
"1924","R_2EF6tY7mrvlnsdZ",1,1,0,0
"1925","R_3smfxBJI2R1Unvc",0,1,1,1
"1926","R_1NxIVB9Cxwx5SwE",1,1,1,1
"1927","R_1gw445Ib0rooSTg",0,0,1,1
"1928","R_2xWuAHtswLYN1iM",0,1,1,1
"1929","R_28CHdINkVnpb7eq",1,0,1,0
"1930","R_efmERploztJfYEV",1,1,0,0
"1931","R_sjMGM0ccqKSurE5",0,1,1,1
"1932","R_26gN1vNgoFowS1M",1,0,1,1
"1933","R_240jSBE3OAwsAtt",1,0,0,NA
"1934","R_2ydr4o3gw7QKjAS",0,0,1,0
"1935","R_AHxqKbE3QKX0Mpj",0,0,1,0
"1936","R_22WWO5BoJGUn6fZ",0,1,1,0
"1937","R_1jGRRW3n9kodkem",1,0,1,NA
"1938","R_d0au9qerX6kkDU5",0,0,1,0
"1939","R_2tfyIneldvgjs4U",0,1,1,1
"1940","R_3CAWB9eNvIqM1Oh",1,1,0,NA
"1941","R_e9UysNhurk85EWd",1,1,1,0
"1942","R_DT8AZfCoyl5jx0R",0,1,1,0
"1943","R_PFlBHdFhFHY5NPX",0,1,1,0
"1944","R_3FQIo9xkOR0b1On",1,1,1,0
"1945","R_2a8G91Kt7gbpCjH",0,1,1,0
"1946","R_1lboRf1NWUbixQM",0,1,0,1
"1947","R_1jqsszdhzVUky8d",0,0,0,0
"1948","R_2EzBjxSifOXiiX9",1,1,1,1
"1949","R_1rCHJ93AWWQFLcJ",1,1,1,1
"1950","R_bI5qPP3aumTkCxH",0,1,1,0
"1951","R_2CxEs4EJ9jfUQ5F",1,1,1,0
"1952","R_3dEp1ZcPldvabh7",0,1,1,0
"1953","R_2qvZeM5Df5wiVl7",0,0,1,0
"1954","R_2QVQqYtKMY2B9JZ",0,0,1,NA
"1955","R_sO5vuoL2wiiR28x",1,0,1,0
"1956","R_tJNQ7Cep8aDdy25",0,1,1,1
"1957","R_2xF2YCqbgxq2e2Y",1,1,1,0
"1958","R_VOtmbOLaO8NiXqp",0,1,1,1
"1959","R_25HFfJS404f2hSU",0,1,1,1
"1960","R_BFH0Zk78Y8hoEi5",0,1,1,1
"1961","R_sBBa7huVKbWF0KR",1,1,1,0
"1962","R_3HUHgA89cA9m26F",1,1,1,1
"1963","R_afphRgeTguxJDGx",1,1,1,1
"1964","R_1QEOzrTkdvGm9ZO",0,1,1,0
"1965","R_3JFAoi6mMzepEYN",1,0,1,0
"1966","R_1j8Sr8fiSfF5Eem",1,0,1,1
"1967","R_PwiV6noeiqRWugV",1,0,0,1
"1968","R_3fQ1Oltmfy1XpaC",0,0,1,1
"1969","R_3EKIYEGMrPrvZvo",1,0,1,1
"1970","R_3e2BehtCnqztjY2",0,0,0,1
"1971","R_x58HQQboTzO4hvH",1,1,1,1
"1972","R_1kHdCLPRiwRMsLJ",0,0,1,0
"1973","R_ehUz3rjeyOw4Ydr",0,0,1,0
"1974","R_1r7WtWRluHi353E",0,1,1,1
"1975","R_27CKi5yL9zQmZdg",1,0,1,0
"1976","R_24wlcoFCj3jWY3a",NA,NA,NA,NA
"1977","R_2SoweerS7J4rZbt",0,1,1,0
"1978","R_puUaEtKrLYTsVBD",1,0,1,1
"1979","R_12FMMOAztShsxRs",1,1,1,0
"1980","R_27THqFZfUZe2juQ",1,0,0,1
"1981","R_3QWVIbJJxg5nbwE",1,1,1,0
"1982","R_sIt5EjwsT94pT5D",1,1,0,1
"1983","R_12SaZnXZvMEpZ1F",0,0,1,0
"1984","R_1eY4JwnEfAonk6J",0,0,1,0
"1985","R_dmtl6BGNN4luMgh",0,0,0,0
"1986","R_3GEbFHGErrCTpVy",1,1,1,1
"1987","R_1igPSX8A8ba20GV",0,1,1,1
"1988","R_1LiiLMrtgQrwB33",1,1,1,1
"1989","R_2v6ryHLCpS1pwmY",1,0,1,0
"1990","R_RkRWRCvitJLJRGF",0,0,1,0
"1991","R_3qPh0lidEl0UZjp",1,0,1,0
"1992","R_3IR9JSACYtaX04i",0,1,1,0
"1993","R_XGS874ZlQzQuYVz",1,1,1,NA
"1994","R_eLMgAFHSeCA4QHT",0,1,1,1
"1995","R_w6r7tzEkjauZpPr",1,1,1,1
"1996","R_1pszk91utKFork1",1,0,1,1
"1997","R_V41iKmpIu5uf3kB",1,0,0,1
"1998","R_12mNTQyTkSoDUMT",1,1,1,1
"1999","R_9zAJaYFWVwh878R",0,1,1,1
"2000","R_3PsChXaF8ndTL2x",1,1,1,1
"2001","R_VQN0aTewYxDJ9OF",1,1,1,0
"2002","R_1kM17TuxFfTPTDk",1,1,1,1
"2003","R_3OeU2mbrmULSvpT",1,0,1,0
"2004","R_vYQV6EKbnrL4Ufv",1,1,1,1
"2005","R_28HdTw9NLS4W4A7",0,0,1,0
"2006","R_vkHsZpIeiuCocQF",1,0,0,0
"2007","R_1gpUvVRp2jGnbi1",0,0,1,0
"2008","R_1CCTD65p6aJ4Jq4",0,1,1,0
"2009","R_ePPEl3MFDt4Suf7",0,0,1,0
"2010","R_2AFgPXvonjgrTOC",1,1,1,0
"2011","R_33DqiJkdv0lpD7B",0,1,1,0
"2012","R_3MFglZjMGQJyz6E",0,1,1,0
"2013","R_1ovZpzK98nq2xrK",1,1,1,NA
"2014","R_1OYMzO62ymqh7Vm",0,0,1,0
"2015","R_2Vw36o9QgyhXRuH",0,0,1,0
"2016","R_2OMHimMt7ZW1R1i",1,1,1,1
"2017","R_XYsx2wBMd83vhvj",1,1,0,NA
"2018","R_2VDzFNvZdDxjYDu",1,1,1,0
"2019","R_1NktRUjqQCidVMp",1,1,1,0
"2020","R_12hESrHdaRaQzJD",1,1,1,1
"2021","R_22XoYqDWu0qYvEx",1,1,1,1
"2022","R_3CBhUlZ8QCe2MSB",0,0,1,0
"2023","R_2X6cZoUX8yjG1SA",1,0,1,NA
"2024","R_1rDpKOvfc6kPWuX",1,0,0,1
"2025","R_1qb4rEpxh1DPDDM",0,1,1,1
"2026","R_DIWcGsxVbi8mS2J",0,0,1,1
"2027","R_C3lj4cUmKAMnBeh",0,1,1,1
"2028","R_23dIlNIVo7P3eeV",0,0,1,0
"2029","R_0fdsPlNM0hlBVXr",0,1,1,1
"2030","R_1KlhpXAB7rbHgGH",1,1,1,0
"2031","R_3m8QG6gY2Pj9tZf",0,0,0,1
"2032","R_1P5XmrHiD7yRdSe",1,0,0,1
"2033","R_XpGAt4dqDJP96pz",1,0,0,0
"2034","R_3nkJLlXlMgwbWw8",1,0,1,1
"2035","R_r8UZ0rJfgivXza1",1,0,1,0
"2036","R_10w7bFcZsN31WQX",1,0,0,1
"2037","R_1LqHPCMpGHSfoOK",0,0,1,0
"2038","R_2QEs1t2kju8alQm",1,1,1,NA
"2039","R_1LMvMsLx5bghBIT",1,0,0,0
"2040","R_22qQwyCGyb5yE3C",1,1,1,1
"2041","R_1o5pIA3VE5LQIhZ",0,0,1,0
"2042","R_tXxCwsH6hcctXIB",1,1,1,0
"2043","R_2vYzCsGeTifWbCX",1,0,1,1
"2044","R_3frVmo2TEbhbvtX",0,1,1,0
"2045","R_2wuZpPD8ZQZ73LX",0,1,1,0
"2046","R_pSh2Xve3gnAACJj",1,0,1,NA
"2047","R_b48yFRS9ZUzRKOR",0,0,1,0
"2048","R_3GuY2COgfYLv2bf",1,1,0,1
"2049","R_bkFvj6ueDjdzdgB",0,0,0,1
"2050","R_u7FDZJyCO2zExj3",0,1,1,1
"2051","R_1mgfKb6F8ANjYBv",0,1,1,1
"2052","R_9vHKqHPazmNarWp",1,0,1,1
"2053","R_27xsphZ0211k5SG",0,0,1,0
"2054","R_1LGduJwY9dNbypz",1,1,1,1
"2055","R_2U2YGC5oJNxpQ3U",1,1,1,0
"2056","R_2AF0m2BMnhl5qFk",0,0,1,1
"2057","R_1DP7ZVzTizQ4qVY",1,0,0,0
"2058","R_3jerQP0m4YRwPHZ",0,1,1,0
"2059","R_1NrbGcoummw2ix3",1,0,1,0
"2060","R_1QKgOnS1oCLrxMC",1,0,1,0
"2061","R_32LQDdOuP0p0d2y",1,1,0,NA
"2062","R_UGB5uPrzy8MSwLv",0,1,1,0
"2063","R_1CJiEf4QgoPSfSg",0,0,1,0
"2064","R_yydK8KfBiE9AkHD",1,0,0,1
"2065","R_3mn7whsOV9MBXqQ",1,0,1,0
"2066","R_3ltR1oWEQMW6wdB",1,0,1,NA
"2067","R_1IWpPt9djDFEkI6",1,1,1,1
"2068","R_2Ez46JfViAPySXT",1,0,1,0
"2069","R_9naxBz9RNqyvG01",0,0,1,0
"2070","R_2xFge4eyXE96zeH",1,1,1,0
"2071","R_29791DDnAQ4P5tm",0,0,1,0
"2072","R_31QvGtsccWjgMi9",0,1,1,0
"2073","R_WkhwFpZa2fDN9aV",0,0,1,0
"2074","R_3NLg2iPfjFAFHaQ",1,0,1,0
"2075","R_Z8KzvTTncfayvjb",0,1,1,NA
"2076","R_1DMhxBZeIHFx3d2",1,1,1,0
"2077","R_1gGaCU3lhh2rKFV",0,1,1,0
"2078","R_3EExG1Xvw4tXo1F",1,0,1,0
"2079","R_XBXw9VIDkqnuilP",0,0,1,0
"2080","R_RlQY9MlU7IZ5ywx",1,1,0,0
"2081","R_1E7gTvDQcjjmz6i",0,1,1,NA
"2082","R_NUMLBLj8IcFfEgV",0,0,1,1
"2083","R_1lgxjdM0ypj1P9A",1,1,1,1
"2084","R_phBN5rKPTFU0z8R",1,1,1,0
"2085","R_22Gph4Y8vObu02I",1,1,1,NA
"2086","R_1r6rojmTVRo3xJv",1,1,1,1
"2087","R_27eyeOVlgKC8ln1",1,1,1,1
"2088","R_3GjMs8a3AmdvWdO",0,0,0,1
"2089","R_2WDaUMFqS1HpKBA",0,1,1,0
"2090","R_25tKzR1IV2oIGv9",1,1,1,0
"2091","R_vTSpmTvn3T5xea5",0,0,0,1
"2092","R_2qkCKjHwEoltTSB",1,0,1,1
"2093","R_xroFHlexpVxnybD",1,1,1,0
"2094","R_12Gw1laYhnkbVE4",1,1,1,0
"2095","R_3EikG0Avhps7iXl",0,0,1,0
"2096","R_3HTCj28QLafrQ58",0,1,1,1
"2097","R_26nY7omry5c4Gul",0,0,1,NA
"2098","R_1NaGtsFBeNpjrou",1,1,0,0
"2099","R_1I5UJ3KGFxtoqzw",1,1,1,1
"2100","R_2wumgXM79DwGLti",0,0,0,1
"2101","R_vwYRPakUcnpeoI9",0,1,1,0
"2102","R_3gYMBedApEvrxUp",1,0,1,0
"2103","R_6E9Q8wGuerGw1ax",0,1,1,0
"2104","R_1DOMThAZJgJUBtz",1,1,1,1
"2105","R_BPocK0D49W3AW1r",1,0,1,0
"2106","R_3mgTzdDpc8L7IET",1,0,1,1
"2107","R_1LwiDzlbxONarrl",1,0,1,0
"2108","R_yNMogwPajGyzyOB",1,0,0,0
"2109","R_DP6fPVkqgJz2bDP",1,1,1,1
"2110","R_3nirlAxP53sCpew",0,0,1,1
"2111","R_2amiH722hjL67Ts",1,0,1,0
"2112","R_Deo7jVwDdTQYlbj",1,1,1,NA
"2113","R_sjyLCDz8hsnMeXv",0,1,0,1
"2114","R_pEFFeonNpoibY7D",1,1,1,1
"2115","R_2VOA7OVH4VrYqGk",0,1,0,0
"2116","R_28AHOhKa7HHCRjT",1,0,1,0
"2117","R_2eRMBXtHXGUByRh",0,0,1,1
"2118","R_1DZox2YiZXusVje",0,0,1,0
"2119","R_2VEek2HBYMNAhVI",0,1,1,1
"2120","R_3ELUxYw1aZf94G7",1,1,1,1
"2121","R_3HNSZ6UV11nPnQO",0,1,1,1
"2122","R_C9baZ3re8MXGwed",0,0,1,1
"2123","R_2WVIEE0JkgA6QyY",0,0,1,0
"2124","R_21GU87iIxMbEYPU",1,1,1,1
"2125","R_6LH5Ip763GXGpRT",0,0,1,0
"2126","R_1E0Bdtl1jHpElfc",0,0,0,0
"2127","R_5jobYGmTLyOSlTX",0,1,1,NA
"2128","R_1f3LG2yVqs41Vhd",1,0,1,0
"2129","R_1pzYhaG0PqxOGRn",0,0,1,1
"2130","R_bseOWxF6UdRljsR",1,1,1,0
"2131","R_3COyDQdQNT61Bue",1,1,1,0
"2132","R_dmP816DIRNPIiFH",0,1,1,NA
"2133","R_3xjcZVffeDFTtkd",0,0,0,NA
"2134","R_31SNYlSK4eOXxK2",1,0,0,0
"2135","R_1GZxMcMxRD2NDXT",1,0,1,1
"2136","R_vN7M5ZIIMm1tKxP",0,1,1,0
"2137","R_3qDUuY9RxeqFSLc",1,1,1,1
"2138","R_1JXfmOXK8V9fJ0Y",0,0,1,0
"2139","R_21ix0LXmI8xsbaE",1,0,1,0
"2140","R_1Fa0B9L15vH8ZgD",1,0,1,0
"2141","R_2rZ2mtNiYetnIaW",0,1,1,0
"2142","R_3PSvh4mA0VOkO4z",0,0,1,1
"2143","R_2U6jrbzYY9to1QG",1,0,0,0
"2144","R_3MKZ26vPw0FytmN",1,1,1,1
"2145","R_1FRRh62FxRvGq6q",0,1,1,0
"2146","R_QoYNwmY0xfPCL97",1,1,0,0
"2147","R_3r1VIOK6tGXj0IE",0,0,1,0
"2148","R_1LdO464AfxGfV6r",1,0,1,0
"2149","R_2QKgZWC79WuLEKQ",0,1,1,0
"2150","R_qxCkLmK728katVv",1,1,1,1
"2151","R_1ghjMy3Uhwfk1Pj",1,0,0,1
"2152","R_9T6fzOLZ2hvEY7v",0,1,1,1
"2153","R_sifPteEREhvT9PX",0,1,1,1
"2154","R_sLHoBKSNzSYCvjH",1,0,1,0
"2155","R_1cVb7NDHIb25bUJ",0,1,1,0
"2156","R_1rxG9tO8uIzUZ7k",1,0,0,0
"2157","R_3L1OGY6KalMBMqZ",1,1,1,0
"2158","R_yPxzkX9b7Ii5wxr",1,0,1,0
"2159","R_1flJWSr5NemmV1D",0,0,0,1
"2160","R_3RvKDrra208pYkO",1,0,1,0
"2161","R_1llYpK2UJWx4hIt",1,1,1,0
"2162","R_pF9e95SDpDXZGBb",0,0,1,0
"2163","R_2bUB0IFtJXWBwHu",1,1,1,1
"2164","R_UuvDUkzaajS9Dz3",0,0,1,1
"2165","R_2zxc9fYa6LstBiB",0,0,1,1
"2166","R_29p7kzGkVxZLMWo",1,1,1,1
"2167","R_3fOhMyJuqzmD8S1",1,1,1,0
"2168","R_1l3vogrrJav2ZLG",1,0,0,1
"2169","R_2Y93zvOV7q5oWIz",1,1,1,1
"2170","R_1jDqP9K5Y93vPL9",0,0,1,1
"2171","R_3p8QPlj9Sx9VsS6",1,0,1,0
"2172","R_3kodwzL2PKWJH58",0,0,1,0
"2173","R_1r9crpTJBzhnHk7",1,1,1,0
"2174","R_2QQcoJ2LyyuzuxQ",0,0,1,0
"2175","R_2YWWyss7wRuovl3",0,1,1,1
"2176","R_2UaonKBIDZFnAU2",0,0,1,0
"2177","R_3J8jDxSrpHFyX3f",1,1,1,0
"2178","R_yZW6ceDGcEcZGEx",1,1,1,1
"2179","R_W0g2xA1xfooEDKh",0,0,1,0
"2180","R_2Xh4wyXjNMo5BTj",1,0,1,1
"2181","R_2Qzbq4KygJsEFtk",0,1,1,0
"2182","R_1PUCTk4hBENGRhj",1,0,1,NA
"2183","R_3qUUJz4L7XHmSD8",1,0,1,0
"2184","R_vp1wuJBDLACMHRL",1,0,1,1
"2185","R_2CBT48oHCHbKAgZ",1,1,1,1
"2186","R_5unizcEb2h1oJXz",1,1,0,1
"2187","R_2BqDTLiNzu7O08R",1,1,1,1
"2188","R_8c9QTHqZXTNIq3v",1,1,1,NA
"2189","R_2woyUvTShxrEzEJ",1,0,1,0
"2190","R_27pqi1GpLTJ1xPk",1,1,1,0
"2191","R_3kChV5GWyatISWP",0,0,1,1
"2192","R_3NKxVTspDZGFThE",0,0,1,1
"2193","R_3k6wbIkaT3oHR0o",0,1,1,0
"2194","R_1nZ6DOPBsONvZ13",1,0,1,1
"2195","R_daQhXq4Rn5WjtxT",1,0,1,1
"2196","R_1Kr9GL54l0MBUFQ",1,0,1,0
"2197","R_2ctRP5CjRvrcE3R",0,1,1,1
"2198","R_3q9XsXPCyNqP3qf",0,0,1,1
"2199","R_2e9z44XeKZH4NTw",0,0,1,1
"2200","R_27jQW9nV8Os85jD",0,0,1,0
"2201","R_2rlaL2mFnMkeD62",0,1,1,0
"2202","R_2waj70OaN0NqPpq",1,1,1,0
"2203","R_3hz7yeNDk8ofabP",0,1,1,0
"2204","R_2VJyYNTvE7HlKpv",0,1,1,0
"2205","R_1eWcgox3agDINqz",1,1,0,1
"2206","R_bPgzlIGk3KWCrD3",0,0,1,1
"2207","R_3gXaNbM4tB7GTjC",0,1,1,0
"2208","R_2q2ZWTNy32oHgwv",0,1,1,0
"2209","R_2PqlSMTFdehRtj7",0,1,1,1
"2210","R_22tOt3ux3f5xsop",1,0,1,1
"2211","R_rrsFj3fuocjNrvX",1,0,1,1
"2212","R_RPuF9yNEPUJLvvX",1,0,0,1
"2213","R_1EiiwcyC9luMK1A",0,1,1,1
"2214","R_0PAlVssuizec96p",1,1,1,0
"2215","R_u9bHeYGVdPuiJ3P",1,1,0,1
"2216","R_RIZkIjzeMXbYtmp",1,1,1,1
"2217","R_27BRXINy1OOiW90",0,1,1,0
"2218","R_2waVkHhRgCW3eLn",1,1,1,0
"2219","R_1dn9P8RbXbRcINL",0,0,1,1
"2220","R_1P7OPVv8pEtPLDp",1,0,0,1
"2221","R_1ogRt2eeC1lU9LE",1,1,1,1
"2222","R_27xs8kMBaWPODkc",0,1,1,1
"2223","R_3NxiUq5jtyYjjpV",0,1,1,1
"2224","R_phr7CQAwKSmJKwx",1,0,1,1
"2225","R_3Ph65y52zcpxKEj",0,1,1,1
"2226","R_2rIOHzEd8i3PAb8",0,1,1,1
"2227","R_22rmpKSPSfEwjpU",1,0,1,0
"2228","R_OE7BMoC9FZK8P7j",0,1,1,1
"2229","R_O6DznhaCdA3jRpn",0,1,1,0
"2230","R_0Bc97uxUrs3mN3j",1,1,1,0
"2231","R_3k0dejr6eBRBxL2",1,0,1,1
"2232","R_2afTJFn0wzcht8U",1,0,1,0
"2233","R_32JaCtx0RR5TzCh",1,1,0,1
"2234","R_30e25azYT6m0cnN",1,1,0,1
"2235","R_2X4Bpy2Sj87o6tV",1,1,1,0
"2236","R_Zeo2WVCP6CY5y81",0,0,1,1
"2237","R_6sWQ2Qw4NJhO8NP",1,1,1,0
"2238","R_XS2BgCZmytTIBEt",0,1,1,0
"2239","R_V2PUogs10lbIjjX",0,0,1,0
"2240","R_8ri1VC3sfKWjikF",1,0,1,0
"2241","R_2QoCTnPw0txc1lp",0,0,1,0
"2242","R_3ISFSHcxPyfNhP3",1,1,1,1
"2243","R_PU4ZFBLa0AzKWBP",1,0,1,0
"2244","R_31ACvS8OQX3bY58",0,1,1,0
"2245","R_552lEC2VegrGnvj",1,1,1,1
"2246","R_UMFkV2nm28ubeFz",1,0,1,1
"2247","R_Tose7n4UsDBSXnj",0,1,1,0
"2248","R_2fevnz1zeIjblRj",0,0,1,0
"2249","R_3R457bPcNbzy1bh",0,1,1,1
"2250","R_3peQHiglioQGOzG",1,1,1,1
"2251","R_p3lHENnbQyymz4t",1,0,0,0
"2252","R_41jB9bbeRv5XNfj",1,1,1,0
"2253","R_2alTYhZ6lhttPnn",0,1,1,0
"2254","R_1cVbSYm8xjazMNI",0,1,1,1
"2255","R_28Ii6J1zUyoQiNd",1,1,1,0
"2256","R_OpwD2OhGLb4VCwx",0,0,0,0
"2257","R_3CWAIc57ltT88TC",0,1,1,1
"2258","R_RlsFvtNWxRGGtgd",0,0,1,0
"2259","R_sqgu598jhZISkEx",1,0,1,0
"2260","R_3h3GXHJoSnVvAC5",0,1,1,0
"2261","R_1oo3HUwd2CNURqv",0,0,0,0
"2262","R_vVNmfjqzxu55CU1",1,0,1,0
"2263","R_2Y4bNY59qxcygiD",0,1,1,0
"2264","R_qK6yG2Nh5PqnGGR",0,1,1,0
"2265","R_2uWCM8aWsCQFOQe",1,0,1,0
"2266","R_3iOmF14D0TSwMsK",0,0,0,1
"2267","R_3lX0t2R1eWp4X2T",1,0,1,1
"2268","R_3QMDblqDHRQJuc8",1,1,1,0
"2269","R_1rCkd9dPjuZ2Wz4",1,0,1,0
"2270","R_1g8ukrhUaxU3Xju",1,1,1,0
"2271","R_1IAVLefCF5Vqhc1",0,1,1,1
"2272","R_3Du7jOQJSW8ovxn",0,0,1,1
"2273","R_eFhWRa8Ioo0IJZT",0,1,1,0
"2274","R_3njusSwCd7tbNI7",0,0,1,0
"2275","R_3hgbnKgpodJTd2M",0,0,0,0
"2276","R_80xh9XMXyHzjLXj",0,1,1,0
"2277","R_5grdDRbIORalAop",1,1,1,1
"2278","R_1q36XRZE1WMto0t",1,1,1,0
"2279","R_3gNHPjs3yENOUEa",0,0,1,0
"2280","R_2A12c3mBobmUXzB",1,0,1,1
"2281","R_0cC0qkIWNZW5ILD",0,0,0,0
"2282","R_1Do756dYyIR0yLG",1,1,1,1
"2283","R_2qeoqmIL2XPiVOZ",1,0,0,0
"2284","R_2s1Ptzne37Re9Wp",0,0,0,0
"2285","R_ClYszThKpUwjbep",0,1,1,0
"2286","R_1kM6nZ4VWMUw66u",1,0,0,0
"2287","R_2sfW1DDB9fn4prP",0,0,0,NA
"2288","R_3KrpQzdpL4XjC6S",0,1,1,0
"2289","R_3GB7fNn4Xjf5aEy",1,1,1,0
"2290","R_xz4xW6GmIZsOo5H",NA,NA,NA,NA
"2291","R_1kZ8vEcO2fqoNFp",NA,NA,NA,NA
"2292","R_VKyOQ8KqeXXBa6d",NA,NA,NA,NA
"2293","R_117bhen0hRSgvmJ",1,0,1,1
"2294","R_p4dMm1Qj4TrEmAN",0,1,1,0
"2295","R_bxyjWQkTy9x89mF",NA,NA,NA,NA
"2296","R_1jrJZBRaHk1ie7t",0,1,0,0
"2297","R_2Qujn4tzIy8M0CG",1,0,0,0
"2298","R_1mt0pmkmCSBeF3I",NA,NA,NA,NA
"2299","R_1CmcWRsP4y55PpG",NA,NA,NA,NA
"2300","R_2xyNUMabNmqpgo0",NA,NA,NA,NA
"2301","R_3Xa98jR4wFRtS93",NA,NA,NA,NA
"2302","R_2SGrIJQsSdnpC5L",NA,NA,NA,NA
"2303","R_1eEILOHtFkp6cP0",1,1,1,1
"2304","R_2TEQQKndIHEJvDc",NA,NA,NA,NA
"2305","R_3ffWTcYnggSIQQO",1,1,1,0
"2306","R_1P5ml0x4c60evmU",1,0,1,0
"2307","R_1gRCOiqeoy9TsVa",1,0,1,0
"2308","R_3P7bcL6HSNWvcy5",NA,NA,NA,NA
"2309","R_3QYILsfnAoQulPU",1,1,1,1
"2310","R_2wpotzLo14lrGOl",0,0,1,NA
"2311","R_3nHk81UvwsvD49I",NA,NA,NA,NA
"2312","R_1GPUPx54d4BtMN9",1,0,1,0
"2313","R_8jL6JRmPVGMnzVL",NA,NA,NA,NA
"2314","R_RWEWzlysjzx9Ruh",NA,NA,NA,NA
"2315","R_1juLvMEcgvf6arA",NA,NA,NA,NA
"2316","R_2txjqHxAKTctUej",0,0,1,0
